,Symbol,Series,Date,Prev Close,Open Price,High Price,Low Price,Last Price,Close Price,Average Price,Total Traded Quantity,Turnover,No. of Trades,Deliverable Qty,% Dly Qt to Traded Qty,Month,Year,VWAP,Day_Perc_Change,Trend
0,ITC,EQ,2017-05-15,274.95,275.9,278.9,275.5,278.5,277.95,277.78,5462855,1517476657.8,52501,4128324,75.57,5,2017,277.95,0.0,Slight or No change
1,ITC,EQ,2017-05-16,277.95,278.5,284.3,278.0,283.0,283.45,280.93,11204308,3147583219.65,98347,8307567,74.15,5,2017,281.64731153406257,0.019787731606404124,Slight or No change
2,ITC,EQ,2017-05-17,283.45,284.1,284.4,279.25,281.5,281.65,281.56,8297700,2336261277.95,99107,5924804,71.4,5,2017,281.64820511332266,-0.006350326336214573,Slight or No change
3,ITC,EQ,2017-05-18,281.65,278.0,281.05,277.05,277.65,277.9,278.49,7924261,2206821555.7,47830,5434449,68.58,5,2017,280.7451176489225,-0.013314397301615433,Slight or No change
4,ITC,EQ,2017-05-19,277.9,282.25,295.65,281.95,286.4,286.2,290.08,35724128,10362681116.95,248579,19137631,53.57,5,2017,283.5852528947323,0.029866858582223932,Slight or No change
5,ITC,EQ,2017-05-22,286.2,292.45,304.8,291.3,303.0,303.6,299.75,35939315,10772810200.15,250048,17079600,47.52,5,2017,290.46520162771327,0.06079664570230614,Slight or No change
6,ITC,EQ,2017-05-23,303.6,301.9,303.9,298.25,300.0,300.15,300.39,19784738,5943114459.75,127039,12142585,61.37,5,2017,292.0062612347115,-0.011363636363636465,Slight or No change
7,ITC,EQ,2017-05-24,300.15,300.0,301.95,297.9,300.1,299.9,299.95,9457848,2836836734.05,87850,6078221,64.27,5,2017,292.56426187763316,-0.0008329168748958393,Slight or No change
8,ITC,EQ,2017-05-25,299.9,300.0,304.7,295.35,301.0,300.05,300.0,22769975,6830907928.0,110127,16464978,72.31,5,2017,293.6529466446704,0.0005001667222408468,Slight or No change
9,ITC,EQ,2017-05-26,300.05,302.0,313.8,299.55,306.1,309.1,305.48,21742467,6641979713.7,155758,8123024,37.36,5,2017,295.53652904521533,0.030161639726712153,Slight or No change
10,ITC,EQ,2017-05-29,309.1,304.0,319.85,303.5,315.35,315.85,315.57,19665146,6205697176.35,167423,9323137,47.41,5,2017,297.5543188180639,0.021837593011970302,Slight or No change
11,ITC,EQ,2017-05-30,315.85,312.9,315.2,310.05,311.5,311.45,311.96,8547146,2666364621.4,72697,5731236,67.05,5,2017,298.1294131470254,-0.013930663289536294,Slight or No change
12,ITC,EQ,2017-05-31,311.45,311.45,313.4,307.0,312.85,311.8,310.49,12308066,3821533004.05,124108,8403582,68.28,5,2017,298.89832078856944,0.001123775886980427,Slight or No change
13,ITC,EQ,2017-06-01,311.8,312.0,316.75,310.8,315.0,314.2,315.1,8253042,2600519266.9,91321,4704937,57.01,6,2017,299.4544457130813,0.007697241821680523,Slight or No change
14,ITC,EQ,2017-06-02,314.2,316.1,319.9,315.2,319.3,319.2,317.86,11073749,3519851647.6,65848,7008906,63.29,6,2017,300.3725769598778,0.01591343093570985,Slight or No change
15,ITC,EQ,2017-06-05,319.2,315.0,318.25,313.3,317.5,317.45,316.83,9482413,3004339371.75,69774,6130621,64.65,6,2017,301.02649812503705,-0.005482456140350922,Slight or No change
16,ITC,EQ,2017-06-06,317.45,317.5,319.0,309.3,311.3,311.05,311.28,9841205,3063364368.45,87515,6116482,62.15,6,2017,301.40961123793386,-0.02016065522129462,Slight or No change
17,ITC,EQ,2017-06-07,311.05,311.3,314.75,310.35,311.7,312.25,313.15,11534375,3611978435.7,91062,8921486,77.35,6,2017,301.8744111969316,0.003857900659058,Slight or No change
18,ITC,EQ,2017-06-08,312.25,313.0,313.25,309.4,311.2,311.6,310.82,7781415,2418657430.65,111593,5953664,76.51,6,2017,302.14782319660424,-0.0020816653322657253,Slight or No change
19,ITC,EQ,2017-06-09,311.6,310.75,312.6,304.7,305.7,306.0,307.4,10065468,3094129457.25,103882,5925048,58.87,6,2017,302.2829902248006,-0.01797175866495515,Slight or No change
20,ITC,EQ,2017-06-12,306.0,307.0,307.5,302.5,304.25,304.4,304.65,6266299,1909038216.4,50916,3786983,60.43,6,2017,302.3282465988619,-0.005228758169934733,Slight or No change
21,ITC,EQ,2017-06-13,304.4,305.05,306.0,302.2,305.1,305.25,304.21,5107002,1553584991.6,69676,3255923,63.75,6,2017,302.3782793062273,0.0027923784494088277,Slight or No change
22,ITC,EQ,2017-06-14,305.25,304.95,306.0,299.15,299.8,299.85,300.77,14574048,4383430595.65,84216,11919899,81.79,6,2017,302.2604837721822,-0.01769041769041757,Slight or No change
23,ITC,EQ,2017-06-15,299.85,302.95,302.95,299.5,302.55,301.9,300.84,7427656,2234554418.8,68964,4842397,65.19,6,2017,302.25212256060695,0.006836751709187849,Slight or No change
24,ITC,EQ,2017-06-16,301.9,302.5,309.6,302.5,305.85,306.8,307.05,12323676,3784009935.95,84898,7897294,64.08,6,2017,302.42065411697547,0.016230539913878905,Slight or No change
25,ITC,EQ,2017-06-19,306.8,309.0,311.85,308.1,310.55,310.9,310.3,6982651,2166703539.75,54015,4470906,64.03,6,2017,302.5950316483474,0.013363754889178514,Slight or No change
26,ITC,EQ,2017-06-20,310.9,312.0,312.2,308.1,309.2,308.7,309.84,8260929,2559595433.9,113970,6339511,76.74,6,2017,302.74003578103134,-0.007076230299131514,Slight or No change
27,ITC,EQ,2017-06-21,308.7,309.4,311.0,307.2,309.25,308.95,309.27,8279767,2560643244.65,91461,5925969,71.57,6,2017,302.88443259872804,0.0008098477486233602,Slight or No change
28,ITC,EQ,2017-06-22,308.95,308.65,314.2,308.2,311.05,311.3,311.69,8944754,2787986034.25,73644,6438857,71.98,6,2017,303.0906510524135,0.007606408804013753,Slight or No change
29,ITC,EQ,2017-06-23,311.3,310.0,312.9,308.6,311.0,311.0,310.55,7176861,2228781902.4,63470,4616954,64.33,6,2017,303.24315991958406,-0.0009637006103437873,Slight or No change
30,ITC,EQ,2017-06-27,311.0,311.75,316.5,311.0,311.0,312.35,314.35,9688675,3045645111.8,95422,6274301,64.76,6,2017,303.4742022774778,0.004340836012861837,Slight or No change
31,ITC,EQ,2017-06-28,312.35,311.6,311.6,307.1,308.8,308.35,309.54,7919072,2451289259.4,73681,5682654,71.76,6,2017,303.57325487535616,-0.012806146950536279,Slight or No change
32,ITC,EQ,2017-06-29,308.35,309.1,313.25,308.6,310.1,311.6,311.36,9929212,3091582802.55,103758,5996413,60.39,6,2017,303.7726324951858,0.010539970812388555,Slight or No change
33,ITC,EQ,2017-06-30,311.6,310.25,324.7,310.25,323.0,323.65,319.24,23196959,7405476367.3,158703,14954488,64.47,6,2017,304.8628522719075,0.038671373555840605,Slight or No change
34,ITC,EQ,2017-07-03,323.65,346.0,354.8,340.3,342.8,342.5,344.04,47079622,16197443020.55,256499,29320072,62.28,7,2017,308.6328083179188,0.05824192800865147,Slight or No change
35,ITC,EQ,2017-07-04,342.5,342.8,343.45,336.25,337.95,337.25,338.75,11232007,3804852970.45,166512,6236260,55.52,7,2017,309.3007133404652,-0.01532846715328462,Slight or No change
36,ITC,EQ,2017-07-05,337.25,337.25,337.85,330.25,331.65,331.05,332.97,11978317,3988361466.6,112629,7968008,66.52,7,2017,309.82890782911056,-0.018383988139362484,Slight or No change
37,ITC,EQ,2017-07-06,331.05,334.3,338.75,331.3,337.1,337.1,336.17,13429462,4514575108.25,122886,8156576,60.74,7,2017,310.5517566066826,0.018275185017369022,Slight or No change
38,ITC,EQ,2017-07-07,337.1,338.0,338.2,333.05,334.5,334.3,334.92,9919790,3322371033.0,91378,6752966,68.08,7,2017,311.0077929198153,-0.008306140611094692,Slight or No change
39,ITC,EQ,2017-07-10,334.3,341.0,367.7,331.0,333.0,333.3,333.45,1427399,475960047.05,11885,679722,47.62,7,2017,311.0692208001619,-0.0029913251570445887,Slight or No change
40,ITC,EQ,2017-07-11,333.3,335.0,335.05,330.0,330.2,330.4,331.28,8336685,2761737745.9,85756,6032829,72.36,7,2017,311.3754002188504,-0.008700870087008816,Slight or No change
41,ITC,EQ,2017-07-12,330.4,328.4,333.6,327.4,329.8,328.85,329.19,10249263,3373964484.45,90432,7048111,68.77,7,2017,311.7091780761192,-0.004691283292978077,Slight or No change
42,ITC,EQ,2017-07-13,328.85,332.0,339.5,331.0,339.25,338.75,337.11,17491942,5896789821.85,103161,9981095,57.06,7,2017,312.5628365095992,0.030104911053671746,Slight or No change
43,ITC,EQ,2017-07-14,338.75,339.95,339.95,334.8,337.75,337.15,336.1,5586611,1877636839.5,56860,3128407,56.0,7,2017,312.8082656739243,-0.004723247232472416,Slight or No change
44,ITC,EQ,2017-07-17,337.15,335.0,335.0,320.7,323.25,325.15,327.62,20320210,6657234816.55,146553,13791627,67.87,7,2017,313.2406650025773,-0.035592466261308076,Slight or No change
45,ITC,EQ,2017-07-18,325.15,292.65,292.65,276.4,284.7,284.55,284.65,149479681,42549916128.75,667965,86293484,57.73,7,2017,307.3614894214644,-0.12486544671689981,Slight or No change
46,ITC,EQ,2017-07-19,284.55,287.8,292.9,286.2,291.95,291.45,289.94,39134264,11346660824.55,236758,21472247,54.87,7,2017,306.5513379047535,0.02424881391671052,Slight or No change
47,ITC,EQ,2017-07-20,291.45,294.0,294.9,288.4,290.0,289.5,290.93,15306864,4453157222.95,108392,9090923,59.39,7,2017,306.2183880201278,-0.006690684508491973,Slight or No change
48,ITC,EQ,2017-07-21,289.5,291.5,291.75,286.55,288.5,288.9,288.88,13174402,3805870262.75,165530,8691445,65.97,7,2017,305.9321453008636,-0.002072538860103723,Slight or No change
49,ITC,EQ,2017-07-24,288.9,290.0,295.35,288.1,293.15,293.25,293.22,17794337,5217696660.0,163424,10252886,57.62,7,2017,305.65520770146856,0.01505711318795444,Slight or No change
50,ITC,EQ,2017-07-25,293.25,295.0,295.15,290.85,291.5,291.4,292.04,9559657,2791832311.7,127952,5998941,62.75,7,2017,305.48991334741174,-0.006308610400682091,Slight or No change
51,ITC,EQ,2017-07-26,291.4,292.0,294.25,291.5,293.4,293.65,293.02,9209593,2698603021.6,88098,6602067,71.69,7,2017,305.3591136857499,0.0077213452299245144,Slight or No change
52,ITC,EQ,2017-07-27,293.65,294.7,295.4,286.75,291.7,288.55,291.58,18892800,5508837342.0,142759,12349965,65.37,7,2017,304.9866136380869,-0.017367614507066143,Slight or No change
53,ITC,EQ,2017-07-28,288.55,294.3,294.75,287.15,290.35,291.55,290.47,18494629,5372055638.45,139598,9043199,48.9,7,2017,304.7013148093629,0.010396811644429071,Slight or No change
54,ITC,EQ,2017-07-31,291.55,289.5,290.3,284.5,285.25,285.25,286.58,21247233,6089014371.7,132459,16092463,75.74,7,2017,304.2381354092035,-0.021608643457383003,Slight or No change
55,ITC,EQ,2017-08-01,285.25,285.3,288.55,285.0,287.75,287.85,286.75,13542016,3883160058.2,133496,9513051,70.25,8,2017,303.993133730625,0.009114811568799341,Slight or No change
56,ITC,EQ,2017-08-02,287.85,289.8,289.9,284.3,284.85,285.45,286.24,9867353,2824413115.15,82892,7222537,73.2,8,2017,303.79331568861716,-0.008337675872850614,Slight or No change
57,ITC,EQ,2017-08-03,285.45,285.0,285.4,280.65,280.9,281.4,283.07,10199231,2887112399.8,104856,7086515,69.48,8,2017,303.5466400963339,-0.014188124014713699,Slight or No change
58,ITC,EQ,2017-08-04,281.4,280.4,284.4,279.65,280.8,280.75,281.43,11283020,3175406996.85,78050,7158410,63.44,8,2017,303.272181922685,-0.0023098791755506998,Slight or No change
59,ITC,EQ,2017-08-07,280.75,281.6,283.0,279.45,279.5,279.85,280.86,8451267,2373593517.35,66298,5219501,61.76,8,2017,303.06285248714636,-0.0032056990204807345,Slight or No change
60,ITC,EQ,2017-08-08,279.85,280.1,281.4,273.5,273.85,274.15,276.02,12741118,3516837493.65,117461,8503329,66.74,8,2017,302.6784668944427,-0.0203680543148117,Slight or No change
61,ITC,EQ,2017-08-09,274.15,274.0,275.4,270.4,272.55,272.85,272.65,9910187,2702006432.35,70201,5485297,55.35,8,2017,302.37317621099993,-0.004741929600583505,Slight or No change
62,ITC,EQ,2017-08-10,272.85,272.65,274.65,270.75,273.8,273.1,272.98,9995867,2728673744.65,102482,6646779,66.5,8,2017,302.07406637888795,0.0009162543522081013,Slight or No change
63,ITC,EQ,2017-08-11,273.1,271.0,274.45,270.1,271.2,271.5,272.06,14409594,3920292223.75,91452,9774474,67.83,8,2017,301.6302585329873,-0.0058586598315636396,Slight or No change
64,ITC,EQ,2017-08-14,271.5,274.4,274.4,270.5,271.25,271.25,271.47,9693041,2631389882.55,81588,6712033,69.25,8,2017,301.3364790627989,-0.0009208103130755596,Slight or No change
65,ITC,EQ,2017-08-16,271.25,272.0,281.75,271.35,279.2,279.2,277.34,18692336,5184177673.9,122922,11831832,63.3,8,2017,300.9312338506738,0.02930875576036862,Slight or No change
66,ITC,EQ,2017-08-17,279.2,281.85,282.9,277.9,279.7,280.0,280.55,13703999,3844676878.3,129985,9203038,67.16,8,2017,300.6540308619382,0.002865329512893977,Slight or No change
67,ITC,EQ,2017-08-18,280.0,279.25,284.0,276.8,281.05,281.85,281.65,14869905,4188073837.6,117503,8494153,57.12,8,2017,300.38764055925213,0.0066071428571430335,Slight or No change
68,ITC,EQ,2017-08-21,281.85,282.35,285.0,280.95,282.45,281.6,282.88,13088154,3702350270.1,54743,7392195,56.48,8,2017,300.156259346944,-0.0008869966294128284,Slight or No change
69,ITC,EQ,2017-08-22,281.6,282.0,285.0,280.35,283.0,282.9,283.68,11956919,3391879542.55,72293,6736004,56.34,8,2017,299.96426679870007,0.004616477272727071,Slight or No change
70,ITC,EQ,2017-08-23,282.9,283.5,285.6,281.6,281.95,282.55,283.55,8747634,2480421265.05,81183,5057252,57.81,8,2017,299.8236641501027,-0.001237186284906211,Slight or No change
71,ITC,EQ,2017-08-24,282.55,282.0,283.5,281.1,281.5,281.45,282.11,10819303,3052199506.05,58038,7694681,71.12,8,2017,299.64199660237955,-0.0038931162626084648,Slight or No change
72,ITC,EQ,2017-08-28,281.45,282.1,283.0,279.3,282.9,282.45,280.88,9974428,2801620252.8,51190,7408609,74.28,8,2017,299.48670219059903,0.0035530289571858997,Slight or No change
73,ITC,EQ,2017-08-29,282.45,282.35,282.9,279.4,281.0,280.25,280.78,6141239,1724332459.95,50080,3757752,61.19,8,2017,299.3803076203815,-0.007788989201628516,Slight or No change
74,ITC,EQ,2017-08-30,280.25,281.15,282.9,280.6,282.4,282.0,281.56,6534233,1839758583.4,46318,4625302,70.79,8,2017,299.27862734854847,0.006244424620874156,Slight or No change
75,ITC,EQ,2017-08-31,282.0,283.0,283.15,280.4,282.5,282.25,281.69,11221831,3161052922.55,77430,7482481,66.68,8,2017,299.1092379263144,0.0008865248226950229,Slight or No change
76,ITC,EQ,2017-09-01,282.25,282.2,284.35,280.7,283.9,283.6,283.31,7247857,2053417183.15,39278,4061994,56.04,9,2017,299.0102318815582,0.004782993799822943,Slight or No change
77,ITC,EQ,2017-09-04,283.6,283.45,283.85,282.0,282.8,283.1,282.96,8480587,2399702088.3,61072,4612120,54.38,9,2017,298.8922725829066,-0.0017630465444288257,Slight or No change
78,ITC,EQ,2017-09-05,283.1,282.65,283.9,281.6,282.0,282.85,282.82,7820187,2211676142.0,32758,4624587,59.14,9,2017,298.7833410166324,-0.0008830801836806623,Slight or No change
79,ITC,EQ,2017-09-06,282.85,280.5,281.0,275.25,275.6,275.7,276.67,14165258,3919152465.1,135384,10688841,75.46,9,2017,298.50287208602447,-0.025278416121619296,Slight or No change
80,ITC,EQ,2017-09-07,275.7,277.0,277.55,269.55,271.0,270.4,273.09,19218142,5248332759.65,120795,12822265,66.72,9,2017,298.0471259543283,-0.019223793978962678,Slight or No change
81,ITC,EQ,2017-09-08,270.4,271.15,273.3,270.0,271.4,272.35,271.6,9716093,2638883389.85,93638,5266354,54.2,9,2017,297.8381526026822,0.007211538461538547,Slight or No change
82,ITC,EQ,2017-09-11,272.35,272.4,274.4,271.5,273.8,273.6,273.33,9314031,2545821706.15,49336,7134897,76.6,9,2017,297.6506620424822,0.004589682393978389,Slight or No change
83,ITC,EQ,2017-09-12,273.6,275.5,278.25,274.6,277.4,277.65,276.51,11464781,3170129023.75,72118,6329710,55.21,9,2017,297.462020755911,0.014802631578947123,Slight or No change
84,ITC,EQ,2017-09-13,277.65,277.4,277.5,270.95,271.6,271.5,272.9,12126147,3309265270.1,107527,9084606,74.92,9,2017,297.2055859617397,-0.022150189086979966,Slight or No change
85,ITC,EQ,2017-09-14,271.5,272.3,272.5,270.4,272.0,272.0,271.41,7041114,1911022093.95,56956,5069217,71.99,9,2017,297.06184845553594,0.0018416206261511192,Slight or No change
86,ITC,EQ,2017-09-15,272.0,272.0,272.75,268.2,269.0,269.3,270.06,13147594,3550601401.15,106652,10619653,80.77,9,2017,296.76934798609835,-0.009926470588235259,Slight or No change
87,ITC,EQ,2017-09-18,269.3,271.0,271.7,266.25,267.4,267.0,268.76,10152294,2728516658.95,91214,6928146,68.24,9,2017,296.52910738333065,-0.008540660972892744,Slight or No change
88,ITC,EQ,2017-09-19,267.0,268.0,270.0,264.1,267.7,267.85,265.36,33882424,8990932707.0,94744,27326760,80.65,9,2017,295.7769463614984,0.0031835205992509774,Slight or No change
89,ITC,EQ,2017-09-20,267.85,269.4,272.0,267.75,271.7,271.55,270.72,9604767,2600245464.25,120409,6954294,72.4,9,2017,295.59815794807383,0.013813701698711878,Slight or No change
90,ITC,EQ,2017-09-21,271.55,272.0,272.4,267.1,269.0,269.55,269.81,7759828,2093649087.65,68941,4984618,64.24,9,2017,295.4437742954118,-0.007365126127784949,Slight or No change
91,ITC,EQ,2017-09-22,269.55,269.5,270.95,267.05,267.85,268.45,269.2,6877525,1851427582.95,59968,4211560,61.24,9,2017,295.30271794980666,-0.00408087553329628,Slight or No change
92,ITC,EQ,2017-09-25,268.45,268.5,269.65,260.9,262.25,262.25,263.85,17583222,4639309635.1,103975,12697473,72.21,9,2017,294.86696647579106,-0.02309554851927731,Slight or No change
93,ITC,EQ,2017-09-26,262.25,263.3,263.75,261.05,261.2,262.45,262.63,9581360,2516345733.3,96943,7319807,76.4,9,2017,294.6357472289291,0.0007626310772164135,Slight or No change
94,ITC,EQ,2017-09-27,262.45,265.1,265.5,256.8,259.45,258.5,261.52,17533620,4585413164.65,113930,11558373,65.92,9,2017,294.1701599571715,-0.015050485806820335,Slight or No change
95,ITC,EQ,2017-09-28,258.5,260.4,263.4,259.1,260.3,261.55,261.67,21604711,5653271250.55,131648,15711243,72.72,9,2017,293.66037581802664,0.011798839458413868,Slight or No change
96,ITC,EQ,2017-09-29,261.55,262.8,262.9,257.45,257.9,258.3,260.72,12172012,3173544622.15,92874,9697269,79.67,9,2017,293.3517559207879,-0.01242592238577711,Slight or No change
97,ITC,EQ,2017-10-03,258.3,262.5,262.75,258.5,261.2,261.4,261.23,11497927,3003556664.4,107806,8800195,76.54,10,2017,293.0904837855832,0.012001548586914268,Slight or No change
98,ITC,EQ,2017-10-04,261.4,264.1,268.5,263.15,267.0,267.4,266.63,10779322,2874120130.15,81928,6381666,59.2,10,2017,292.8950381713314,0.022953328232593773,Slight or No change
99,ITC,EQ,2017-10-05,267.4,267.4,269.4,264.4,264.7,265.25,266.94,6937298,1851848907.5,80123,4733884,68.24,10,2017,292.76034407093005,-0.008040388930441233,Slight or No change
100,ITC,EQ,2017-10-06,265.25,265.8,267.5,264.65,266.4,266.15,265.97,7856190,2089511409.0,52879,4853053,61.77,10,2017,292.6143235794697,0.003393025447690823,Slight or No change
101,ITC,EQ,2017-10-09,266.15,268.0,269.15,266.4,268.1,268.0,267.76,6088623,1630267498.7,43287,4303630,70.68,10,2017,292.51008816563524,0.006950967499530503,Slight or No change
102,ITC,EQ,2017-10-10,268.0,267.1,267.9,265.15,265.95,266.2,266.78,5472538,1459972540.3,59627,4229204,77.28,10,2017,292.41032516567833,-0.006716417910447858,Slight or No change
103,ITC,EQ,2017-10-11,266.2,266.5,267.75,264.45,265.05,265.4,265.22,7664687,2032837242.55,89004,5341022,69.68,10,2017,292.2676388456804,-0.003005259203606392,Slight or No change
104,ITC,EQ,2017-10-12,265.4,265.55,269.2,264.0,267.05,267.0,267.15,9165813,2448615620.4,87409,6222190,67.88,10,2017,292.10901852265306,0.006028636021100375,Slight or No change
105,ITC,EQ,2017-10-13,267.0,266.25,267.6,264.2,266.1,265.95,265.26,12040762,3193979272.05,62368,9459733,78.56,10,2017,291.89505890665237,-0.00393258426966292,Slight or No change
106,ITC,EQ,2017-10-16,265.95,266.0,269.95,265.5,267.85,267.5,267.87,9152244,2451656331.1,79020,7004420,76.53,10,2017,291.74433082088814,0.005828163188569269,Slight or No change
107,ITC,EQ,2017-10-17,267.5,268.0,268.7,265.95,267.25,267.25,267.47,10628854,2842921716.85,55945,8070667,75.93,10,2017,291.5698243251276,-0.0009345794392523477,Slight or No change
108,ITC,EQ,2017-10-18,267.25,268.0,270.75,267.1,269.95,270.35,268.52,7229879,1941353012.2,64209,5283259,73.08,10,2017,291.46748728607054,0.01159962581852203,Slight or No change
109,ITC,EQ,2017-10-19,270.35,271.0,271.3,269.0,269.35,269.65,269.91,1235750,333536768.1,10947,775103,62.72,10,2017,291.4495177221064,-0.0025892361753284687,Slight or No change
110,ITC,EQ,2017-10-23,269.65,270.0,272.75,265.8,266.8,267.05,268.73,9768072,2624970263.3,106812,7177496,73.48,10,2017,291.2916933776414,-0.009642128685332763,Slight or No change
111,ITC,EQ,2017-10-24,267.05,268.45,268.45,266.1,267.1,267.0,267.3,8400196,2245403458.7,94164,6817944,81.16,10,2017,291.1573172806659,-0.000187230855645093,Slight or No change
112,ITC,EQ,2017-10-25,267.0,268.4,271.5,268.2,269.1,269.25,269.43,5940597,1600589008.2,62557,4219220,71.02,10,2017,291.0719486268316,0.008426966292134797,Slight or No change
113,ITC,EQ,2017-10-26,269.25,270.8,270.8,267.15,268.0,268.4,268.64,9260157,2487679884.9,60707,5995976,64.75,10,2017,290.9350634947187,-0.003156917363045575,Slight or No change
114,ITC,EQ,2017-10-27,268.4,270.6,276.0,267.45,269.3,269.35,272.44,22968176,6257559996.5,153012,12222205,53.21,10,2017,290.6165898895338,0.003539493293591933,Slight or No change
115,ITC,EQ,2017-10-30,269.35,269.0,270.6,263.45,265.2,265.15,265.97,17589111,4678173728.3,108181,12101080,68.8,10,2017,290.33205944608164,-0.015593094486727521,Slight or No change
116,ITC,EQ,2017-10-31,265.15,266.05,266.95,263.9,265.85,265.7,265.13,8139444,2158011950.45,68011,5526944,67.9,10,2017,290.2053614027351,0.002074297567414618,Slight or No change
117,ITC,EQ,2017-11-01,265.7,267.0,271.2,266.3,269.7,269.85,269.37,7237682,1949626866.45,66743,3958249,54.69,11,2017,290.1126846246535,0.015619119307489715,Slight or No change
118,ITC,EQ,2017-11-02,269.85,269.7,269.95,265.3,265.8,265.65,267.2,9683859,2587544412.15,121280,6924814,71.51,11,2017,289.96456670493444,-0.015564202334630517,Slight or No change
119,ITC,EQ,2017-11-03,265.65,267.0,267.9,264.9,265.65,265.4,265.91,5980143,1590178498.95,48289,4459934,74.58,11,2017,289.87305958916613,-0.0009410878976096049,Slight or No change
120,ITC,EQ,2017-11-06,265.4,266.25,267.9,264.3,265.0,264.9,265.58,9020725,2395700293.95,78360,6450406,71.51,11,2017,289.73351473580925,-0.0018839487565938118,Slight or No change
121,ITC,EQ,2017-11-07,264.9,265.7,267.7,263.65,265.1,265.3,265.48,9506715,2523866976.35,77660,6121542,64.39,11,2017,289.59047159156734,0.0015100037750095385,Slight or No change
122,ITC,EQ,2017-11-08,265.3,265.35,266.5,264.7,265.3,265.4,265.68,5957114,1582701474.85,90269,4358234,73.16,11,2017,289.5020536116472,0.0003769317753485879,Slight or No change
123,ITC,EQ,2017-11-09,265.4,266.4,266.5,259.3,261.0,260.05,261.44,20246351,5293205796.15,163309,15045528,74.31,11,2017,289.14067626794605,-0.02015825169555374,Slight or No change
124,ITC,EQ,2017-11-10,260.05,260.55,265.2,259.4,262.2,261.7,262.17,16792035,4402383941.7,106410,11262229,67.07,11,2017,288.86423719867383,0.0063449336666023815,Slight or No change
125,ITC,EQ,2017-11-13,261.7,263.0,263.3,258.0,258.6,258.3,260.35,7396182,1925573464.45,95927,5046434,68.23,11,2017,288.72921671984574,-0.012991975544516587,Slight or No change
126,ITC,EQ,2017-11-14,258.3,258.5,260.85,256.0,256.25,256.55,258.03,8335504,2150790082.55,111993,5982608,71.77,11,2017,288.5698017885315,-0.006775067750677488,Slight or No change
127,ITC,EQ,2017-11-15,256.55,257.0,257.35,250.4,253.85,253.3,252.41,17011726,4293897997.1,157072,11881716,69.84,11,2017,288.2167778125405,-0.012668095887741204,Slight or No change
128,ITC,EQ,2017-11-16,253.3,254.7,255.6,252.4,255.0,255.1,254.4,9959845,2533806991.0,166483,6970027,69.98,11,2017,288.0238406555456,0.007106198183971513,Slight or No change
129,ITC,EQ,2017-11-17,255.1,256.5,259.0,256.0,258.6,258.0,257.86,9998498,2578167020.1,114419,7371207,73.72,11,2017,287.8492650220374,0.011368090944727571,Slight or No change
130,ITC,EQ,2017-11-20,258.0,258.6,260.7,257.25,259.05,259.2,259.06,7916268,2050770686.35,129212,5734720,72.44,11,2017,287.7179779888925,0.0046511627906975495,Slight or No change
131,ITC,EQ,2017-11-21,259.2,259.5,259.5,255.2,255.5,255.8,257.75,16626216,4285430281.55,81436,12939555,77.83,11,2017,287.41370966678755,-0.013117283950617176,Slight or No change
132,ITC,EQ,2017-11-22,255.8,256.0,258.65,255.6,258.5,258.15,257.59,8609960,2217797373.35,81327,6617866,76.86,11,2017,287.26995571432053,0.009186864738076395,Slight or No change
133,ITC,EQ,2017-11-23,258.15,258.35,260.7,256.4,258.55,258.15,258.33,7524346,1943785339.6,65283,4746056,63.08,11,2017,287.1454789399331,0.0,Slight or No change
134,ITC,EQ,2017-11-24,258.15,258.5,261.45,258.05,260.65,260.75,259.73,7347756,1908426242.65,50057,5047152,68.69,11,2017,287.0357543343538,0.010071663761379135,Slight or No change
135,ITC,EQ,2017-11-27,260.75,260.0,260.5,257.3,259.05,259.25,258.68,4836535,1251103003.2,55974,2958553,61.17,11,2017,286.959933323284,-0.005752636625119822,Slight or No change
136,ITC,EQ,2017-11-28,259.25,259.1,259.2,256.0,257.0,257.0,256.98,17508901,4499432344.45,100436,10499203,59.96,11,2017,286.6668685363564,-0.008678881388621051,Slight or No change
137,ITC,EQ,2017-11-29,257.0,258.0,258.7,257.0,258.1,258.05,257.83,8697821,2242556792.0,92845,6140995,70.6,11,2017,286.5284828334151,0.004085603112840452,Slight or No change
138,ITC,EQ,2017-11-30,258.05,257.9,258.2,254.65,255.9,256.05,256.13,22116235,5664541045.55,134587,15303327,69.19,11,2017,286.158266481316,-0.00775043596202285,Slight or No change
139,ITC,EQ,2017-12-01,256.05,256.95,259.6,254.65,255.1,255.2,257.11,6593537,1695248913.55,55457,3328979,50.49,12,2017,286.046560545704,-0.0033196641281000305,Slight or No change
140,ITC,EQ,2017-12-04,255.2,256.0,256.3,253.55,254.75,255.1,254.87,6111791,1557716773.6,84003,3693955,60.44,12,2017,285.94340040754633,-0.00039184952978055243,Slight or No change
141,ITC,EQ,2017-12-05,255.1,255.0,255.35,252.5,252.9,253.85,254.16,8991412,2285222596.55,90276,6573194,73.11,12,2017,285.7867793871388,-0.004900039200313566,Slight or No change
142,ITC,EQ,2017-12-06,253.85,253.25,253.25,250.85,251.35,251.6,251.96,8244499,2077276462.65,85408,5685629,68.96,12,2017,285.63448291513953,-0.008863502068150453,Slight or No change
143,ITC,EQ,2017-12-07,251.6,250.0,254.1,250.0,253.7,253.35,252.33,5426456,1369242867.85,60488,3499758,64.49,12,2017,285.5400972678139,0.0069554848966613125,Slight or No change
144,ITC,EQ,2017-12-08,253.35,253.75,263.2,253.4,262.5,262.2,258.56,13132943,3395687594.7,90031,8341803,63.52,12,2017,285.3761143828211,0.0349319123741858,Slight or No change
145,ITC,EQ,2017-12-11,262.2,264.65,267.5,263.3,266.0,266.25,265.86,17181015,4567751148.8,114738,11416076,66.45,12,2017,285.20191932952304,0.01544622425629294,Slight or No change
146,ITC,EQ,2017-12-12,266.25,264.5,265.2,260.5,261.2,261.55,261.85,9243049,2420303925.75,77246,5762620,62.35,12,2017,285.0865954746875,-0.017652582159624397,Slight or No change
147,ITC,EQ,2017-12-13,261.55,259.6,262.4,257.6,259.45,259.0,260.16,8653465,2251248512.15,66393,4773678,55.16,12,2017,284.96805491628606,-0.00974956987191744,Slight or No change
148,ITC,EQ,2017-12-14,259.0,260.9,266.15,257.55,264.25,264.25,261.32,8043427,2101915556.55,53976,3652864,45.41,12,2017,284.8809146004668,0.020270270270270174,Slight or No change
149,ITC,EQ,2017-12-15,264.25,266.0,267.05,263.45,264.1,264.6,265.17,12269517,3253510788.85,102769,8779833,71.56,12,2017,284.7516241211128,0.0013245033112583293,Slight or No change
150,ITC,EQ,2017-12-18,264.6,265.5,265.5,259.05,263.35,263.2,263.29,9293059,2446799111.3,117822,4609381,49.6,12,2017,284.6480626273235,-0.005291005291005457,Slight or No change
151,ITC,EQ,2017-12-19,263.2,263.4,265.4,263.1,264.2,264.25,264.01,5881181,1552693786.0,75183,3384603,57.55,12,2017,284.5862190839023,0.003989361702127603,Slight or No change
152,ITC,EQ,2017-12-20,264.25,264.7,264.7,262.7,263.15,263.3,263.54,7441512,1961115006.25,82720,5302822,71.26,12,2017,284.50487279275876,-0.0035950804162724337,Slight or No change
153,ITC,EQ,2017-12-21,263.3,265.9,265.9,261.6,263.05,263.05,262.91,6771408,1780287873.65,55591,4547759,67.16,12,2017,284.43052375285686,-0.0009494872768704976,Slight or No change
154,ITC,EQ,2017-12-22,263.05,263.5,264.2,262.15,262.5,263.1,263.4,6405364,1687180162.95,54750,4378026,68.35,12,2017,284.3608299013061,0.0001900779319521373,Slight or No change
155,ITC,EQ,2017-12-26,263.1,263.25,265.0,262.65,263.75,264.15,264.04,9549857,2521561759.75,56341,7262299,76.05,12,2017,284.2628539025101,0.003990877993158337,Slight or No change
156,ITC,EQ,2017-12-27,264.15,264.2,264.3,261.65,262.3,262.15,262.96,6091016,1601682752.55,82067,4290172,70.43,12,2017,284.19469344635036,-0.0075714556123415155,Slight or No change
157,ITC,EQ,2017-12-28,262.15,263.4,264.05,261.05,261.85,261.85,262.27,15889965,4167506190.8,74141,12130570,76.34,12,2017,284.0164485884764,-0.0011443829868393873,Slight or No change
158,ITC,EQ,2017-12-29,261.85,262.5,264.0,262.25,263.25,263.25,263.25,6565616,1728410991.8,56777,4572034,69.64,12,2017,283.9482259876913,0.0053465724651518,Slight or No change
159,ITC,EQ,2018-01-01,263.25,263.25,266.3,261.25,261.8,262.3,263.26,10461011,2753929704.55,44043,6375878,60.95,1,2018,283.83550125732995,-0.003608736942070201,Slight or No change
160,ITC,EQ,2018-01-02,262.3,262.6,264.2,260.45,260.7,260.75,261.84,5688384,1489465051.0,45209,2985641,52.49,1,2018,283.77031988590204,-0.005909264201296227,Slight or No change
161,ITC,EQ,2018-01-03,260.75,261.3,262.65,260.6,260.95,261.15,261.82,11018996,2884992810.35,67791,8914265,80.9,1,2018,283.6472739705489,0.001534036433365138,Slight or No change
162,ITC,EQ,2018-01-04,261.15,260.95,262.75,260.6,261.75,261.55,261.69,9368913,2451729469.95,69338,6998712,74.7,1,2018,283.5455436668968,0.0015316867700556624,Slight or No change
163,ITC,EQ,2018-01-05,261.55,261.9,263.5,261.9,263.0,262.9,262.5,9211954,2418177130.6,62706,6673578,72.44,1,2018,283.4525102293769,0.005161536991014959,Slight or No change
164,ITC,EQ,2018-01-08,262.9,264.0,266.8,263.25,265.75,265.6,265.52,14433239,3832243909.45,109978,10970842,76.01,1,2018,283.3273493544713,0.010270064663370215,Slight or No change
165,ITC,EQ,2018-01-09,265.6,265.5,272.0,264.75,270.25,270.55,269.5,25737663,6936322435.0,122424,15431052,59.96,1,2018,283.16958112689656,0.018637048192771122,Slight or No change
166,ITC,EQ,2018-01-10,270.55,273.45,274.0,269.05,269.45,269.4,271.34,16441299,4461163514.85,108628,10648924,64.77,1,2018,283.061821913024,-0.00425060062834981,Slight or No change
167,ITC,EQ,2018-01-11,269.4,269.5,271.0,268.1,269.95,269.8,269.82,11287447,3045589736.25,82350,8107309,71.83,1,2018,282.99095077904667,0.0014847809948033142,Slight or No change
168,ITC,EQ,2018-01-12,269.8,270.25,271.35,266.15,267.15,267.55,268.58,8179762,2196889040.8,66960,5036314,61.57,1,2018,282.93138366786144,-0.008339510748702761,Slight or No change
169,ITC,EQ,2018-01-15,267.55,268.0,271.1,267.0,267.75,267.6,268.71,10538330,2831776794.4,105293,7545321,71.6,1,2018,282.85556225980537,0.00018688095683061512,Slight or No change
170,ITC,EQ,2018-01-16,267.6,268.2,268.7,260.8,262.6,261.7,263.52,12935712,3408816014.2,117895,9467052,73.19,1,2018,282.7279109818568,-0.022047832585949334,Slight or No change
171,ITC,EQ,2018-01-17,261.7,262.0,267.0,259.55,266.4,266.05,263.83,16375659,4320376055.95,113452,12109086,73.95,1,2018,282.6014822055404,0.01662208635842566,Slight or No change
172,ITC,EQ,2018-01-18,266.05,268.0,275.25,266.65,274.0,273.4,272.79,26442702,7213332786.85,175662,16063493,60.75,1,2018,282.49021036764856,0.02762638601766576,Slight or No change
173,ITC,EQ,2018-01-19,273.4,276.0,277.5,271.1,274.0,274.55,274.46,25710521,7056517733.6,196232,11615397,45.18,1,2018,282.3979345525659,0.004206291148500574,Slight or No change
174,ITC,EQ,2018-01-22,274.55,275.0,275.5,271.7,272.7,273.65,272.84,8339156,2275255436.05,60237,5666863,67.95,1,2018,282.3650843013849,-0.0032780914223276003,Slight or No change
175,ITC,EQ,2018-01-23,273.65,274.0,277.25,273.55,276.8,276.6,275.57,18244388,5027638083.6,97311,12780157,70.05,1,2018,282.31810650822604,0.01078019367805605,Slight or No change
176,ITC,EQ,2018-01-24,276.6,276.65,282.0,276.05,280.55,281.45,279.68,17305234,4839854901.3,112197,9624564,55.62,1,2018,282.3114481939476,0.017534345625451753,Slight or No change
177,ITC,EQ,2018-01-25,281.45,281.0,283.2,278.6,280.7,281.25,280.8,13124518,3685305307.65,132581,8662694,66.0,1,2018,282.305309485511,-0.0007106057914371133,Slight or No change
178,ITC,EQ,2018-01-29,281.25,281.15,283.3,275.0,275.2,275.65,277.08,9569723,2651569801.55,100959,6348137,66.34,1,2018,282.277362502256,-0.019911111111111213,Slight or No change
179,ITC,EQ,2018-01-30,275.65,275.0,276.45,271.95,275.75,275.2,274.41,13057276,3583061025.55,107090,9915146,75.94,1,2018,282.2370434672154,-0.0016325049882096598,Slight or No change
180,ITC,EQ,2018-01-31,275.2,273.9,276.0,269.85,271.35,271.4,272.88,18945945,5169900054.25,141071,14159972,74.74,1,2018,282.14819744008344,-0.013808139534883801,Slight or No change
181,ITC,EQ,2018-02-01,271.4,272.0,290.3,267.4,275.5,275.3,279.2,59362154,16574119704.6,283270,28442761,47.91,2,2018,281.97669045283897,0.014369933677229385,Slight or No change
182,ITC,EQ,2018-02-02,275.3,274.4,285.65,270.8,274.5,275.35,278.35,35008302,9744734166.1,220209,14500461,41.42,2,2018,281.8802417918723,0.0001816200508537591,Slight or No change
183,ITC,EQ,2018-02-05,275.35,273.55,281.7,271.85,279.8,279.25,278.26,19706340,5483539597.9,190487,11075339,56.2,2,2018,281.8588677572529,0.01416379153804237,Slight or No change
184,ITC,EQ,2018-02-06,279.25,269.95,277.3,268.15,274.75,273.5,273.27,15822723,4323856239.45,113591,7613464,48.12,2,2018,281.8046815105695,-0.020590868397493245,Slight or No change
185,ITC,EQ,2018-02-07,273.5,278.0,278.75,274.0,275.2,275.15,275.53,12956103,3569741913.3,67020,8107873,62.58,2,2018,281.7695446546084,0.006032906764168011,Slight or No change
186,ITC,EQ,2018-02-08,275.15,275.7,276.9,272.65,273.9,274.1,274.87,9779911,2688180687.15,87155,6440637,65.86,2,2018,281.73909809533507,-0.00381610030892221,Slight or No change
187,ITC,EQ,2018-02-09,274.1,271.0,272.5,267.8,271.5,271.35,270.18,14204123,3837643796.15,94584,7220210,50.83,2,2018,281.6795415893948,-0.010032834731849682,Slight or No change
188,ITC,EQ,2018-02-12,271.35,272.45,273.85,269.3,270.0,269.85,270.82,6713679,1818221178.25,53879,3880858,57.81,2,2018,281.64757544365773,-0.0055279159756771445,Slight or No change
189,ITC,EQ,2018-02-14,269.85,270.0,271.0,265.1,265.7,266.5,268.33,11303222,3033030764.95,127975,7831704,69.29,2,2018,281.5789735940336,-0.012414304243098084,Slight or No change
190,ITC,EQ,2018-02-15,266.5,266.5,269.9,264.8,268.0,268.1,267.87,11736246,3143812349.3,120288,7013377,59.76,2,2018,281.51588671687585,0.006003752345215885,Slight or No change
191,ITC,EQ,2018-02-16,268.1,269.85,270.75,265.6,266.15,266.45,267.53,6164187,1649122893.65,44559,3090428,50.14,2,2018,281.47894158635324,-0.006154419992540183,Slight or No change
192,ITC,EQ,2018-02-19,266.45,266.0,267.8,262.5,263.6,264.1,264.81,6069585,1607283146.05,65593,2975487,49.02,2,2018,281.43707942580227,-0.008819665978607505,Slight or No change
193,ITC,EQ,2018-02-20,264.1,264.0,265.8,262.15,263.85,263.25,263.65,9301017,2452224762.5,60656,5456967,58.67,2,2018,281.3701938307911,-0.003218477849299628,Slight or No change
194,ITC,EQ,2018-02-21,263.25,264.0,268.95,263.45,268.05,268.2,267.23,10555155,2820630713.1,81624,6529636,61.86,2,2018,281.3154560476248,0.018803418803418737,Slight or No change
195,ITC,EQ,2018-02-22,268.2,267.2,269.0,265.45,267.05,267.1,267.14,19118686,5107418306.2,84590,10876435,56.89,2,2018,281.20923952726315,-0.004101416853094619,Slight or No change
196,ITC,EQ,2018-02-23,267.1,267.45,270.0,266.1,268.7,269.05,268.63,6529253,1753964423.7,84763,4288142,65.68,2,2018,281.1782912593591,0.007300636465743082,Slight or No change
197,ITC,EQ,2018-02-26,269.05,268.55,269.5,266.0,266.05,266.55,267.63,8378818,2242452601.7,73749,6408150,76.48,2,2018,281.1306671803052,-0.009291953168556022,Slight or No change
198,ITC,EQ,2018-02-27,266.55,268.0,268.2,265.5,266.6,266.4,266.25,7429924,1978195127.4,57606,4484755,60.36,2,2018,281.0882633530502,-0.0005627462014632378,Slight or No change
199,ITC,EQ,2018-02-28,266.4,265.0,266.3,263.05,264.9,265.05,264.89,13451146,3563094170.15,109063,10095138,75.05,2,2018,281.00511426826364,-0.0050675675675674325,Slight or No change
200,ITC,EQ,2018-03-01,265.05,264.2,266.1,262.85,263.65,264.0,263.84,7781553,2053119806.7,117805,5511456,70.83,3,2018,280.954264838272,-0.003961516694963252,Slight or No change
201,ITC,EQ,2018-03-05,264.0,263.3,263.3,260.0,260.05,260.25,260.87,6623613,1727887213.25,71775,4600299,69.45,3,2018,280.90170052160187,-0.014204545454545414,Slight or No change
202,ITC,EQ,2018-03-06,260.25,261.05,262.4,255.5,256.0,256.5,259.23,8180373,2120638509.1,66375,5041650,61.63,3,2018,280.82542769340546,-0.014409221902017322,Slight or No change
203,ITC,EQ,2018-03-07,256.5,256.5,260.5,253.55,259.75,259.9,258.51,15153219,3917190656.15,127773,9418574,62.16,3,2018,280.7049661110982,0.01325536062378152,Slight or No change
204,ITC,EQ,2018-03-08,259.9,260.3,261.9,257.75,258.25,258.85,259.9,6027032,1566403217.2,53562,3144893,52.18,3,2018,280.65503977444143,-0.004040015390534668,Slight or No change
205,ITC,EQ,2018-03-09,258.85,259.0,260.9,258.25,259.3,259.25,259.85,6110339,1587753301.55,65272,3772520,61.74,3,2018,280.6055799305579,0.0015452965037665578,Slight or No change
206,ITC,EQ,2018-03-12,259.25,264.0,270.85,262.95,269.9,270.1,267.45,19900387,5322454894.5,139786,10466779,52.6,3,2018,280.52711114672906,0.041851494696239167,Slight or No change
207,ITC,EQ,2018-03-13,270.1,269.65,272.0,267.2,269.75,269.45,269.99,8326884,2248200027.3,50824,4195715,50.39,3,2018,280.49259922101703,-0.002406516105146417,Slight or No change
208,ITC,EQ,2018-03-14,269.45,268.05,269.05,265.3,267.75,268.05,267.56,7907101,2115613733.2,66259,4740412,59.95,3,2018,280.4558958813338,-0.005195769159398678,Slight or No change
209,ITC,EQ,2018-03-15,268.05,267.0,269.9,265.2,265.75,265.55,267.01,5557668,1483957144.9,49638,3076752,55.36,3,2018,280.42505488776504,-0.009326618168252199,Slight or No change
210,ITC,EQ,2018-03-16,265.55,266.4,266.4,258.85,261.35,260.5,261.06,20680532,5398824648.5,124346,16697180,80.74,3,2018,280.27282215464186,-0.019017134249670553,Slight or No change
211,ITC,EQ,2018-03-19,260.5,260.55,262.2,258.3,259.1,259.15,260.46,12926158,3366708258.45,119296,8980768,69.48,3,2018,280.17243013541116,-0.0051823416506718845,Slight or No change
212,ITC,EQ,2018-03-20,259.15,258.15,259.95,257.5,259.5,259.2,258.78,7481088,1935947293.1,80878,4621250,61.77,3,2018,280.1148996107576,0.00019293845263357312,Slight or No change
213,ITC,EQ,2018-03-21,259.2,260.05,261.65,258.7,259.3,259.05,259.88,12920867,3357903165.4,70521,7066968,54.69,3,2018,280.01556899573353,-0.0005787037037036091,Slight or No change
214,ITC,EQ,2018-03-22,259.05,260.0,261.45,257.85,258.85,258.3,259.3,8011131,2077311368.45,65618,5110050,63.79,3,2018,279.9522652734673,-0.0028951939779965352,Slight or No change
215,ITC,EQ,2018-03-23,258.3,256.0,258.8,254.75,255.45,256.0,256.75,11185677,2871948544.8,109077,6922671,61.89,3,2018,279.8551675726001,-0.008904374758033295,Slight or No change
216,ITC,EQ,2018-03-26,256.0,252.9,260.0,252.5,258.75,258.1,257.28,12499724,3215969231.95,123750,8038588,64.31,3,2018,279.7570605684393,0.008203125000000089,Slight or No change
217,ITC,EQ,2018-03-27,258.1,258.8,260.5,256.9,259.05,258.9,258.34,8769415,2265522477.85,82531,5816375,66.33,3,2018,279.69128130065934,0.0030995738086010416,Slight or No change
218,ITC,EQ,2018-03-28,258.9,258.0,258.95,254.35,255.0,255.5,256.7,12270479,3149842990.45,75788,7370683,60.07,3,2018,279.5849959514595,-0.013132483584395449,Slight or No change
219,ITC,EQ,2018-04-02,255.5,257.0,258.95,255.45,258.8,258.25,256.75,7029064,1804685060.15,85556,4975902,70.79,4,2018,279.5314346138421,0.010763209393346296,Slight or No change
220,ITC,EQ,2018-04-03,258.25,258.0,260.0,257.5,259.15,258.5,258.63,5098212,1318555194.75,48970,2966646,58.19,4,2018,279.493208683353,0.0009680542110357404,Slight or No change
221,ITC,EQ,2018-04-04,258.5,259.5,259.8,257.1,259.05,258.6,258.54,8392947,2169907681.5,77397,6125472,72.98,4,2018,279.4308792242247,0.0003868471953578645,Slight or No change
222,ITC,EQ,2018-04-05,258.6,255.5,260.0,255.5,259.8,259.65,258.65,9113610,2357197515.8,99052,5696963,62.51,4,2018,279.3670080076743,0.004060324825985839,Slight or No change
223,ITC,EQ,2018-04-06,259.65,260.5,262.0,260.05,261.0,260.85,261.06,6098959,1592218442.2,51328,3658977,59.99,4,2018,279.32708178247645,0.0046216060080879195,Slight or No change
224,ITC,EQ,2018-04-09,260.85,261.15,266.6,260.9,265.7,265.8,264.65,9217475,2439369319.7,65447,6038358,65.51,4,2018,279.2831443296998,0.018976423231742423,Slight or No change
225,ITC,EQ,2018-04-10,265.8,266.35,268.7,265.1,266.55,266.7,266.64,14682547,3914986494.15,104111,10182701,69.35,4,2018,279.2183751860817,0.003386004514672525,Slight or No change
226,ITC,EQ,2018-04-11,266.7,266.9,267.55,263.4,265.3,265.15,264.95,5232228,1386296172.25,57667,3179437,60.77,4,2018,279.1926171768729,-0.005811773528308972,Slight or No change
227,ITC,EQ,2018-04-12,265.15,265.1,265.15,261.4,262.15,261.95,262.57,6125006,1608254077.75,61995,4462404,72.86,4,2018,279.15573966957135,-0.012068640392230767,Slight or No change
228,ITC,EQ,2018-04-13,261.95,263.0,263.5,260.0,260.5,260.75,261.59,4991314,1305660006.0,42992,3190105,63.91,4,2018,279.1237165411424,-0.004581026913533126,Slight or No change
229,ITC,EQ,2018-04-16,260.75,260.5,264.9,260.0,264.35,264.45,263.6,5212182,1373910540.0,110574,2798674,53.69,4,2018,279.0971051877298,0.014189837008628858,Slight or No change
230,ITC,EQ,2018-04-17,264.45,265.4,268.4,262.7,267.0,267.6,265.28,13207767,3503727423.4,83815,9631872,72.93,4,2018,279.04451146377227,0.011911514463982087,Slight or No change
231,ITC,EQ,2018-04-18,267.6,268.7,278.9,268.0,276.5,275.35,275.48,23815794,6560787576.7,157457,10298292,43.24,4,2018,279.01428617435573,0.028961136023916367,Slight or No change
232,ITC,EQ,2018-04-19,275.35,277.25,280.0,275.25,277.0,277.35,277.18,12823460,3554398832.1,96479,8080528,63.01,4,2018,279.0069870172475,0.007263482840021762,Slight or No change
233,ITC,EQ,2018-04-20,277.35,276.0,279.25,273.5,275.75,276.2,276.21,10790554,2980473403.6,63069,6435712,59.64,4,2018,278.9966659686046,-0.004146385433567823,Slight or No change
234,ITC,EQ,2018-04-23,276.2,276.0,277.2,275.0,275.45,275.5,275.87,11746220,3240374914.2,62425,9366380,79.74,4,2018,278.98272614956767,-0.0025343953656770113,Slight or No change
235,ITC,EQ,2018-04-24,275.5,276.0,278.85,274.65,275.5,276.0,276.77,8449353,2338520424.9,98712,6324649,74.85,4,2018,278.97419715051325,0.001814882032667775,Slight or No change
236,ITC,EQ,2018-04-25,276.0,275.5,276.3,272.7,273.9,274.1,274.5,4928817,1352940982.7,54260,2741847,55.63,4,2018,278.96608038121394,-0.0068840579710144345,Slight or No change
237,ITC,EQ,2018-04-26,274.1,274.55,279.1,273.0,278.75,278.25,277.35,20282977,5625453400.8,83108,15613876,76.98,4,2018,278.96120661266247,0.015140459686245888,Slight or No change
238,ITC,EQ,2018-04-27,278.25,279.6,280.95,278.4,279.7,279.4,279.6,9732842,2721312113.8,66638,6227880,63.99,4,2018,278.9626350299482,0.004132973944294571,Slight or No change
239,ITC,EQ,2018-04-30,279.4,279.6,283.85,279.6,282.25,281.45,282.15,5918966,1670011563.65,60650,3052561,51.57,4,2018,278.9675495575935,0.007337151037938527,Slight or No change
240,ITC,EQ,2018-05-02,281.45,282.1,288.7,280.25,286.6,287.25,286.01,16071685,4596679159.85,123736,10742447,66.84,5,2018,279.0117465770557,0.02060756795167884,Slight or No change
241,ITC,EQ,2018-05-03,287.25,287.5,289.7,283.05,284.3,285.0,285.64,9366444,2675443138.75,105773,5574914,59.52,5,2018,279.0303117550454,-0.007832898172323799,Slight or No change
242,ITC,EQ,2018-05-04,285.0,287.0,287.0,275.85,276.85,277.15,279.28,10904195,3045326298.85,84011,7084677,64.97,5,2018,279.0235496328105,-0.02754385964912287,Slight or No change
243,ITC,EQ,2018-05-07,277.15,278.3,283.4,276.9,282.5,282.25,280.63,6475767,1817302906.7,68143,3887665,60.03,5,2018,279.0304258437891,0.018401587587948853,Slight or No change
244,ITC,EQ,2018-05-08,282.25,283.15,285.95,282.0,282.7,282.7,283.51,6588906,1868021837.55,51445,3985966,60.5,5,2018,279.0383658574774,0.0015943312666075737,Slight or No change
245,ITC,EQ,2018-05-09,282.7,281.5,284.0,281.5,282.35,282.3,282.95,4214376,1192478707.9,46450,2786650,66.12,5,2018,279.042873611007,-0.0014149274849662996,Slight or No change
246,ITC,EQ,2018-05-10,282.3,282.95,283.95,277.3,282.0,280.15,279.73,5672203,1586690351.65,62839,3264043,57.54,5,2018,279.0449291868782,-0.007616011335458861,Slight or No change
247,ITC,EQ,2018-05-11,280.15,281.9,284.0,279.75,283.0,283.65,281.68,3892106,1096317363.6,30833,2256270,57.97,5,2018,279.05078857919307,0.01249330715688024,Slight or No change
248,ITC,EQ,2018-05-14,283.65,283.0,287.3,282.0,283.2,284.8,285.56,6479302,1850239955.05,68532,3956222,61.06,5,2018,279.06294061869573,0.004054292261590042,Slight or No change
249,ITC,EQ,2018-05-15,284.8,284.85,286.0,280.7,282.3,281.85,282.78,7777542,2199354526.4,60036,4894647,62.93,5,2018,279.0699940551782,-0.010358146067415697,Slight or No change
250,ITC,EQ,2018-05-16,281.85,279.95,288.8,279.55,286.35,285.85,284.33,18062869,5135904587.25,139947,6844377,37.89,5,2018,279.1096112616959,0.014191946070605033,Slight or No change
251,ITC,EQ,2018-05-17,285.85,288.0,288.7,278.45,279.1,278.95,282.74,10755084,3040885605.6,109001,5684139,52.85,5,2018,279.1090578657161,-0.02413853419625689,Slight or No change
252,ITC,EQ,2018-05-18,278.95,278.55,285.55,276.0,281.95,282.3,282.0,15422138,4349026699.5,147340,8667846,56.2,5,2018,279.12484372954236,0.012009320666786172,Slight or No change
253,ITC,EQ,2018-05-21,282.3,282.3,284.0,278.5,281.15,282.35,281.94,8579200,2418801617.3,77689,5030644,58.64,5,2018,279.1336950659663,0.00017711654268515176,Slight or No change
254,ITC,EQ,2018-05-22,282.35,282.0,283.1,278.05,279.0,278.75,280.06,4730984,1324981606.35,40943,2829507,59.81,5,2018,279.1331152472786,-0.012750132813883597,Slight or No change
255,ITC,EQ,2018-05-23,278.75,279.0,279.4,272.95,274.0,273.45,275.22,7891899,2171990567.75,88647,5537341,70.16,5,2018,279.1188253498838,-0.01901345291479828,Slight or No change
256,ITC,EQ,2018-05-24,273.45,274.0,276.8,271.75,275.25,274.85,274.73,6282351,1725925597.35,99859,4034095,64.21,5,2018,279.11029781929875,0.005119765953556454,Slight or No change
257,ITC,EQ,2018-05-25,274.85,272.4,275.0,268.75,272.8,272.3,272.16,9244273,2515934420.0,123215,5336532,57.73,5,2018,279.09033798847395,-0.009277787884300559,Slight or No change
258,ITC,EQ,2018-05-28,272.3,274.0,277.5,272.4,275.3,275.3,275.87,6997081,1930318873.5,92510,4561302,65.19,5,2018,279.08194821049807,0.011017260374586835,Slight or No change
259,ITC,EQ,2018-05-29,275.3,274.8,277.75,272.45,274.0,274.05,275.89,8830998,2436422864.6,75906,6593888,74.67,5,2018,279.06793008252134,-0.004540501271340314,Slight or No change
260,ITC,EQ,2018-05-30,274.05,272.5,273.7,270.65,272.1,271.9,271.49,8005601,2173455928.05,93089,5170596,64.59,5,2018,279.0498734662617,-0.007845283707352824,Slight or No change
261,ITC,EQ,2018-05-31,271.9,272.2,272.7,269.6,270.1,271.65,271.41,13212672,3586093411.75,136036,9466110,71.64,5,2018,279.0192353719342,-0.0009194556822361699,Slight or No change
262,ITC,EQ,2018-06-01,271.65,271.15,271.7,269.1,270.1,269.95,270.17,6607768,1785207851.25,52719,4403739,66.64,6,2018,279.0004951845345,-0.006258052641266332,Slight or No change
263,ITC,EQ,2018-06-04,269.95,270.25,271.95,267.5,268.35,268.9,270.07,7984112,2156246191.95,67281,5143601,64.42,6,2018,278.97533957859673,-0.0038896091868865224,Slight or No change
264,ITC,EQ,2018-06-05,268.9,269.0,269.85,266.85,267.8,267.5,268.14,5788321,1552061332.8,54577,3957597,68.37,6,2018,278.95465721345465,-0.005206396429899507,Slight or No change
265,ITC,EQ,2018-06-06,267.5,268.0,271.15,267.8,270.85,270.4,269.35,7296797,1965367223.45,85597,5228746,71.66,6,2018,278.93526482454143,0.01084112149532701,Slight or No change
266,ITC,EQ,2018-06-07,270.4,270.5,272.3,270.1,271.9,271.05,271.22,6797792,1843676632.5,81016,4833390,71.1,6,2018,278.9186473741369,0.0024038461538462563,Slight or No change
267,ITC,EQ,2018-06-08,271.05,271.1,271.5,267.0,267.85,267.9,268.62,6769606,1818450857.85,99623,4379344,64.69,6,2018,278.89557132639146,-0.011621472053126802,Slight or No change
268,ITC,EQ,2018-06-11,267.9,268.5,271.9,268.15,269.25,269.25,270.36,8572974,2317817511.0,98937,6053662,70.61,6,2018,278.87005730490654,0.005039193729003522,Slight or No change
269,ITC,EQ,2018-06-12,269.25,269.3,274.6,269.25,270.55,270.25,271.9,8449515,2297436670.85,62031,4726412,55.94,6,2018,278.8476427237125,0.003714020427112441,Slight or No change
270,ITC,EQ,2018-06-13,270.25,271.5,271.8,267.2,267.7,267.85,269.54,7817856,2107217175.1,62023,5147300,65.84,6,2018,278.82124707397736,-0.008880666049953634,Slight or No change
271,ITC,EQ,2018-06-14,267.85,266.5,268.9,266.0,267.0,267.25,267.26,9169601,2450664491.45,68185,6766866,73.8,6,2018,278.7887641721891,-0.0022400597349263585,Slight or No change
272,ITC,EQ,2018-06-15,267.25,267.5,267.75,263.6,264.2,264.5,264.77,10814596,2863346627.4,118705,7520336,69.54,6,2018,278.74161287013794,-0.010289990645463098,Slight or No change
273,ITC,EQ,2018-06-18,264.5,264.45,265.5,263.5,265.0,264.55,264.52,6281093,1661479286.95,82580,4727218,75.26,6,2018,278.7144657263675,0.0001890359168241762,Slight or No change
274,ITC,EQ,2018-06-19,264.55,264.9,267.15,262.65,266.1,266.05,265.1,7336092,1944780782.2,59103,4701569,64.09,6,2018,278.686233860143,0.00567000567000564,Slight or No change
275,ITC,EQ,2018-06-20,266.05,266.45,267.0,263.05,263.35,263.75,264.01,9540207,2518752937.4,94844,6391618,67.0,6,2018,278.643059127482,-0.00864499154294307,Slight or No change
276,ITC,EQ,2018-06-21,263.75,264.4,264.8,260.4,260.65,260.85,261.73,7137481,1868092352.8,100155,4854400,68.01,6,2018,278.6046629357856,-0.010995260663506978,Slight or No change
277,ITC,EQ,2018-06-22,260.85,260.55,266.8,260.0,265.3,265.15,264.82,16820667,4454464652.05,131717,10876088,64.66,6,2018,278.53658512502415,0.016484569676058936,Slight or No change
278,ITC,EQ,2018-06-25,265.15,265.15,265.4,259.75,262.7,262.6,261.96,13617718,3567288273.75,109071,10302979,75.66,6,2018,278.47157009406743,-0.009617197812558764,Slight or No change
279,ITC,EQ,2018-06-26,262.6,262.45,266.15,262.15,264.0,264.8,265.06,10087090,2673701964.5,71545,7513865,74.49,6,2018,278.4303804495242,0.008377760853008231,Slight or No change
280,ITC,EQ,2018-06-27,264.8,264.9,265.0,261.5,263.0,262.75,262.45,10036967,2634235336.4,79504,7756202,77.28,6,2018,278.38351391346407,-0.0077416918429003,Slight or No change
281,ITC,EQ,2018-06-28,262.75,262.0,264.0,259.0,260.0,260.5,261.78,14637010,3831690349.95,88923,9235817,63.1,6,2018,278.3059034730346,-0.008563273073263544,Slight or No change
282,ITC,EQ,2018-06-29,260.5,261.8,267.55,260.3,265.0,266.2,264.67,10907020,2886746264.4,133815,7733944,70.91,6,2018,278.26688088610035,0.021880998080614056,Slight or No change
283,ITC,EQ,2018-07-02,266.2,267.0,267.1,260.05,263.15,263.05,262.63,18097981,4753008643.2,179498,13332769,73.67,7,2018,278.1859243686718,-0.011833208114199745,Slight or No change
284,ITC,EQ,2018-07-03,263.05,263.5,266.75,261.15,266.0,265.45,263.65,10385004,2738004735.2,92919,7385644,71.12,7,2018,278.14716208280026,0.009123740733700814,Slight or No change
285,ITC,EQ,2018-07-04,265.45,266.3,266.3,262.2,264.3,264.4,263.7,7881279,2078269662.3,70376,5156696,65.43,7,2018,278.1154824578367,-0.003955547184027131,Slight or No change
286,ITC,EQ,2018-07-05,264.4,264.6,273.8,263.5,272.75,272.5,270.19,15473199,4180774336.55,116508,9000788,58.17,7,2018,278.0901908161806,0.03063540090771566,Slight or No change
287,ITC,EQ,2018-07-06,272.5,272.75,274.75,270.15,271.75,272.65,272.52,12936762,3525493584.15,94852,6759168,52.25,7,2018,278.0697820268446,0.0005504587155962248,Slight or No change
288,ITC,EQ,2018-07-09,272.65,275.0,276.0,272.2,274.0,274.4,274.2,9782072,2682199666.3,107292,5945491,60.78,7,2018,278.0594015228243,0.006418485237484006,Slight or No change
289,ITC,EQ,2018-07-10,274.4,275.5,277.5,273.1,276.4,277.05,275.43,11486223,3163705622.0,84857,8599922,74.87,7,2018,278.05605996924464,0.009657434402332576,Slight or No change
290,ITC,EQ,2018-07-11,277.05,276.85,280.3,273.75,275.5,275.75,277.74,11362662,3155825717.6,94554,6307889,55.51,7,2018,278.04853269043065,-0.004692293809781645,Slight or No change
291,ITC,EQ,2018-07-12,275.75,275.75,278.15,273.3,277.2,277.2,276.11,9902834,2734309895.55,84533,5180278,52.31,7,2018,278.0461256594371,0.005258386219401556,Slight or No change
292,ITC,EQ,2018-07-13,277.2,278.0,278.3,269.2,270.15,270.4,271.64,18590126,5049733675.25,105871,13988512,75.25,7,2018,278.00562418813166,-0.024531024531024626,Slight or No change
293,ITC,EQ,2018-07-16,270.4,270.3,273.3,269.7,272.05,271.6,271.68,10281018,2793174902.3,85152,6904084,67.15,7,2018,277.9869141688457,0.004437869822485396,Slight or No change
294,ITC,EQ,2018-07-17,271.6,271.05,273.0,269.3,270.0,269.85,270.74,10033333,2716395360.2,100890,6761309,67.39,7,2018,277.9637857776817,-0.006443298969072142,Slight or No change
295,ITC,EQ,2018-07-18,269.85,271.1,271.3,267.6,268.15,268.55,269.28,7050253,1898492449.35,51220,4655530,66.03,7,2018,277.945021021722,-0.00481749119881425,Slight or No change
296,ITC,EQ,2018-07-19,268.55,268.9,274.6,266.25,273.25,273.3,270.99,8956760,2427206251.75,78638,5238088,58.48,7,2018,277.93328788503,0.01768758145596716,Slight or No change
297,ITC,EQ,2018-07-20,273.3,273.25,274.8,270.65,274.35,274.0,273.32,6572535,1796403276.35,53813,3190994,48.55,7,2018,277.92601075890417,0.0025612879619465456,Slight or No change
298,ITC,EQ,2018-07-23,274.0,279.5,286.65,277.15,283.95,284.15,283.57,26056261,7388650087.65,147326,14378063,55.18,7,2018,277.9713295574257,0.037043795620437914,Slight or No change
299,ITC,EQ,2018-07-24,284.15,284.5,287.0,283.55,285.05,285.65,285.37,12111542,3456265377.35,116799,7696166,63.54,7,2018,277.99723049771745,0.00527890198838632,Slight or No change
300,ITC,EQ,2018-07-25,285.65,284.25,286.95,283.2,286.4,286.15,285.64,13301823,3799528112.35,89845,9173482,68.96,7,2018,278.02732176490474,0.0017503938386136397,Slight or No change
301,ITC,EQ,2018-07-26,286.15,287.0,291.15,284.2,287.75,287.2,288.1,20698478,5963255934.3,122759,11919961,57.59,7,2018,278.0797024971887,0.0036694041586580184,Slight or No change
302,ITC,EQ,2018-07-27,287.2,300.0,307.15,295.0,301.6,302.55,301.39,75862167,22864073328.2,386586,39972218,52.69,7,2018,278.58135809791577,0.053447075208913786,Slight or No change
303,ITC,EQ,2018-07-30,302.55,302.0,303.6,300.0,300.6,301.05,301.53,17080727,5150420659.9,99868,10494902,61.44,7,2018,278.68459247441604,-0.004957858205255294,Slight or No change
304,ITC,EQ,2018-07-31,301.05,300.75,301.35,295.55,297.55,297.7,297.9,14563274,4338336293.2,153105,9768552,67.08,7,2018,278.75879314541226,-0.011127719647899048,Slight or No change
305,ITC,EQ,2018-08-01,297.7,298.05,302.95,296.1,300.45,301.6,299.14,14624672,4374895520.5,162191,9231674,63.12,8,2018,278.8479489988876,0.013100436681222849,Slight or No change
306,ITC,EQ,2018-08-02,301.6,300.5,303.5,297.3,298.7,299.2,300.56,9847568,2959824678.0,92368,5305159,53.87,8,2018,278.9012999167577,-0.007957559681697757,Slight or No change
307,ITC,EQ,2018-08-03,299.2,300.0,305.4,298.15,303.95,303.95,302.22,12470372,3768823077.05,107619,6907137,55.39,8,2018,278.98417615605814,0.015875668449197855,Slight or No change
308,ITC,EQ,2018-08-06,303.95,305.0,306.9,300.0,302.15,301.8,303.29,7683950,2330455821.95,103742,4209340,54.78,8,2018,279.0305957814342,-0.007073531830893209,Slight or No change
309,ITC,EQ,2018-08-07,301.8,302.95,304.2,299.75,300.65,301.1,301.77,7188877,2169409210.95,98599,4479848,62.32,8,2018,279.07252403131906,-0.0023194168323392717,Slight or No change
310,ITC,EQ,2018-08-08,301.1,300.25,302.4,300.0,300.95,300.95,301.07,6442258,1939564373.6,91974,3959787,61.47,8,2018,279.1097076483829,-0.0004981733643308894,Slight or No change
311,ITC,EQ,2018-08-09,300.95,301.75,304.6,300.05,302.65,302.5,302.52,9221385,2789688718.95,77082,6345902,68.82,8,2018,279.1664742409336,0.005150357202193145,Slight or No change
312,ITC,EQ,2018-08-10,302.5,302.0,306.9,301.15,303.6,304.8,304.58,14777932,4501013700.2,108018,9616879,65.08,8,2018,279.26578520386596,0.007603305785123915,Slight or No change
313,ITC,EQ,2018-08-13,304.8,304.0,307.8,303.15,305.85,305.95,305.91,9957591,3046149286.5,73992,5605325,56.29,8,2018,279.3352638955895,0.003772965879265122,Slight or No change
314,ITC,EQ,2018-08-14,305.95,307.0,310.2,306.85,307.65,307.9,308.55,12315926,3800132940.7,120377,6834468,55.49,8,2018,279.4269585149285,0.006373590455956757,Slight or No change
315,ITC,EQ,2018-08-16,307.9,307.9,308.5,305.1,307.45,307.45,306.97,18674289,5732496213.7,79333,15733106,84.25,8,2018,279.56269518295585,-0.0014615134784020656,Slight or No change
316,ITC,EQ,2018-08-17,307.45,307.8,315.3,307.8,313.7,313.75,313.17,25413745,7958925724.6,188911,15949025,62.76,8,2018,279.7865765584959,0.02049113677020653,Slight or No change
317,ITC,EQ,2018-08-20,313.75,314.2,315.0,311.3,313.35,313.3,313.42,19218118,6023336204.1,159969,14616159,76.05,8,2018,279.95172279950657,-0.0014342629482071434,Slight or No change
319,ITC,EQ,2018-08-21,313.3,314.5,317.0,312.0,312.8,312.9,313.84,13618791,4274087158.65,119997,9486419,69.66,8,2018,280.06637869306735,-0.0012767315671881052,Slight or No change
320,ITC,EQ,2018-08-23,312.9,314.0,316.4,307.35,311.85,312.0,312.05,11309613,3529134270.45,88596,7070528,62.52,8,2018,280.15839563653805,-0.0028763183125598557,Slight or No change
321,ITC,EQ,2018-08-24,312.0,311.0,312.0,307.0,310.7,310.4,309.65,5445848,1686293625.5,46328,2944917,54.08,8,2018,280.2002981485347,-0.005128205128205221,Slight or No change
322,ITC,EQ,2018-08-27,310.4,311.2,314.85,310.5,313.55,313.4,313.57,5278766,1655286147.2,49160,2790713,52.87,8,2018,280.24482822176077,0.009664948453608213,Slight or No change
323,ITC,EQ,2018-08-28,313.4,314.0,315.8,311.0,312.0,311.65,312.78,6609740,2067419427.65,51177,4027729,60.94,8,2018,280.2974837038916,-0.005583918315252068,Slight or No change
324,ITC,EQ,2018-08-29,311.65,311.7,315.45,310.0,312.85,312.8,312.1,10349504,3230124249.45,60903,7495744,72.43,8,2018,280.38258886724975,0.0036900369003691758,Slight or No change
325,ITC,EQ,2018-08-30,312.8,313.5,320.6,313.5,318.95,319.85,318.38,24973007,7951028428.65,159658,16360655,65.51,8,2018,280.63038444944846,0.022538363171355602,Slight or No change
326,ITC,EQ,2018-08-31,319.85,322.0,322.6,317.2,319.6,319.85,320.54,18084699,5796783129.9,119433,11884175,65.71,8,2018,280.8078967982761,0.0,Slight or No change
327,ITC,EQ,2018-09-03,319.85,322.95,322.95,311.05,311.5,313.2,318.71,9112998,2904372850.55,85876,5645798,61.95,9,2018,280.8816065574513,-0.02079099577927168,Slight or No change
328,ITC,EQ,2018-09-04,313.2,312.0,312.2,307.0,310.3,309.6,308.6,11184441,3451555523.65,107727,7257266,64.89,9,2018,280.961587734185,-0.011494252873563093,Slight or No change
329,ITC,EQ,2018-09-05,309.6,310.4,314.45,309.25,310.0,310.25,311.33,10139205,3156622499.15,91732,5132830,50.62,9,2018,281.0353472399847,0.0020994832041343336,Slight or No change
330,ITC,EQ,2018-09-06,310.25,311.4,311.75,308.05,310.0,310.8,310.2,7609714,2360540353.35,72864,4767106,62.65,9,2018,281.0914995117943,0.0017727639000806317,Slight or No change
331,ITC,EQ,2018-09-07,310.8,311.6,313.2,308.1,310.65,310.45,311.02,7188478,2235737171.7,108508,4334253,60.29,9,2018,281.1437265889379,-0.0011261261261261701,Slight or No change
332,ITC,EQ,2018-09-10,310.45,310.2,310.75,305.55,306.1,306.55,306.96,9635849,2957817198.2,91265,5707533,59.23,9,2018,281.2041661737944,-0.012562409405701302,Slight or No change
333,ITC,EQ,2018-09-11,306.55,306.65,306.75,295.55,296.2,297.2,298.06,26006624,7751563040.7,178943,13786209,53.01,9,2018,281.3062135567469,-0.030500733974881844,Slight or No change
334,ITC,EQ,2018-09-12,297.2,297.75,307.6,295.4,306.1,306.8,303.42,19423600,5893496997.8,138154,9412549,48.46,9,2018,281.42710920964817,0.032301480484522305,Slight or No change
335,ITC,EQ,2018-09-14,306.8,307.0,308.65,305.05,306.95,307.15,306.62,12823479,3931940129.15,135884,7881282,61.46,9,2018,281.50739056544074,0.0011408083441981631,Slight or No change
336,ITC,EQ,2018-09-17,307.15,305.0,306.1,301.5,302.5,302.0,303.27,5825628,1766733344.1,98875,3149772,54.07,9,2018,281.53640497525276,-0.016767051929024834,Slight or No change
337,ITC,EQ,2018-09-18,302.0,302.2,304.9,299.3,304.5,303.25,302.47,8199623,2480102395.05,70655,4400792,53.67,9,2018,281.5795901557367,0.004139072847682224,Slight or No change
338,ITC,EQ,2018-09-19,303.25,304.5,305.65,298.0,300.0,299.65,302.15,6150336,1858304845.0,74564,2970120,48.29,9,2018,281.60650727455914,-0.011871393239901162,Slight or No change
339,ITC,EQ,2018-09-21,299.65,300.4,306.6,300.4,304.1,303.95,303.82,16337218,4963613172.9,103478,10285775,62.96,9,2018,281.6945667075603,0.014350075087602221,Slight or No change
340,ITC,EQ,2018-09-24,303.95,305.0,306.35,292.5,298.8,297.95,299.62,14452668,4330297146.35,138196,9062644,62.71,9,2018,281.7510450240125,-0.019740088830399682,Slight or No change
341,ITC,EQ,2018-09-25,297.95,296.9,302.35,292.35,301.15,301.15,297.9,13273933,3954284882.25,170623,7471547,56.29,9,2018,281.81275131878544,0.01074005705655301,Slight or No change
342,ITC,EQ,2018-09-26,301.15,303.0,303.0,289.75,293.1,293.15,293.94,19891787,5847014817.85,198806,13559149,68.16,9,2018,281.86653712930126,-0.026564834799933545,Slight or No change
343,ITC,EQ,2018-09-27,293.15,293.5,295.1,289.5,294.15,293.3,292.28,12084852,3532133760.35,111921,7587958,62.79,9,2018,281.8993962118283,0.0005116834385128222,Slight or No change
344,ITC,EQ,2018-09-28,293.3,295.0,300.0,291.8,298.85,297.75,296.25,24606864,7289683480.35,174778,16612435,67.51,9,2018,281.99161180728663,0.015172178656665425,Slight or No change
345,ITC,EQ,2018-10-01,297.75,300.85,302.95,293.4,297.0,297.1,296.68,9025533,2677655105.35,95424,4657058,51.6,10,2018,282.0237830274893,-0.002183039462636316,Slight or No change
346,ITC,EQ,2018-10-03,297.1,297.0,300.0,294.65,295.25,295.2,297.16,7570160,2249518627.65,80374,4455682,58.86,10,2018,282.0472738042625,-0.006395153147088606,Slight or No change
347,ITC,EQ,2018-10-04,295.2,293.85,295.7,285.15,287.75,287.1,290.28,8105763,2352974549.9,110051,3904487,48.17,10,2018,282.05690084899436,-0.027439024390243816,Slight or No change
348,ITC,EQ,2018-10-05,287.1,285.5,286.0,275.1,276.05,276.5,280.41,17622969,4941679510.4,156108,11659870,66.16,10,2018,282.0339768837404,-0.03692093347265768,Slight or No change
349,ITC,EQ,2018-10-08,276.5,279.0,279.4,269.15,273.5,273.2,273.6,16430487,4495397995.2,171056,10520337,64.03,10,2018,282.0001300892255,-0.011934900542495575,Slight or No change
350,ITC,EQ,2018-10-09,273.2,275.5,275.5,267.75,267.95,268.5,271.27,10540674,2859327449.9,87278,6879382,65.27,10,2018,281.967028335301,-0.017203513909223922,Slight or No change
351,ITC,EQ,2018-10-10,268.5,269.9,271.15,267.2,270.5,270.1,269.63,11479650,3095264441.2,101761,7225871,62.95,10,2018,281.93542323951345,0.005959031657355673,Slight or No change
352,ITC,EQ,2018-10-11,270.1,265.0,269.3,263.65,265.25,265.2,265.96,10609934,2821794750.5,135842,5807570,54.74,10,2018,281.89433020941806,-0.01814142910033334,Slight or No change
353,ITC,EQ,2018-10-12,265.2,267.5,277.65,267.3,275.0,275.2,274.98,13425871,3691909380.5,121517,7042066,52.45,10,2018,281.8735943967067,0.03770739064856721,Slight or No change
354,ITC,EQ,2018-10-15,275.2,278.95,283.6,276.0,281.65,282.5,279.8,17933322,5017665408.45,140842,11128388,62.05,10,2018,281.8761754363711,0.02652616279069764,Slight or No change
355,ITC,EQ,2018-10-16,282.5,283.0,283.75,276.35,282.25,282.65,280.86,11867994,3333252662.2,93880,6126185,51.62,10,2018,281.8782797743771,0.0005309734513272435,Slight or No change
356,ITC,EQ,2018-10-17,282.65,283.9,291.65,281.55,286.05,286.45,287.08,15307324,4394412359.9,209942,7129172,46.57,10,2018,281.8942589355092,0.013444188926234002,Slight or No change
357,ITC,EQ,2018-10-19,286.45,285.0,291.55,284.75,291.0,289.45,288.32,8032126,2315784333.25,111649,3886783,48.39,10,2018,281.9080909952867,0.010473031942747513,Slight or No change
358,ITC,EQ,2018-10-22,289.45,292.0,293.1,287.3,288.7,288.5,290.63,12484871,3628510821.75,137138,6229871,49.9,10,2018,281.92679525386586,-0.0032820867161857947,Slight or No change
359,ITC,EQ,2018-10-23,288.5,286.0,291.2,283.55,286.7,286.0,287.61,10843970,3118786519.95,99500,6378419,58.82,10,2018,281.936809096672,-0.008665511265164683,Slight or No change
360,ITC,EQ,2018-10-24,286.0,288.7,289.65,286.35,288.6,287.75,288.33,8690022,2505615939.85,81397,5461765,62.85,10,2018,281.9482393775667,0.006118881118881037,Slight or No change
361,ITC,EQ,2018-10-25,287.75,286.0,289.5,284.5,289.4,287.55,287.25,9584217,2753038730.95,88998,5850620,61.04,10,2018,281.96036103030565,-0.0006950477845351077,Slight or No change
362,ITC,EQ,2018-10-26,287.55,289.7,289.8,276.0,279.9,280.9,281.31,21475541,6041259667.7,186898,8026885,37.38,10,2018,281.955244472879,-0.023126412797774387,Slight or No change
363,ITC,EQ,2018-10-29,280.9,281.9,285.25,278.95,282.0,283.5,282.71,11342580,3206618791.1,112505,5949794,52.46,10,2018,281.95917133977053,0.009255962976148169,Slight or No change
364,ITC,EQ,2018-10-30,283.5,283.25,283.85,278.0,278.4,278.95,280.55,6847149,1920934424.8,83135,3897466,56.92,10,2018,281.95456065611233,-0.016049382716049387,Slight or No change
365,ITC,EQ,2018-10-31,278.95,279.55,281.0,272.85,278.9,280.1,277.1,13501859,3741374192.3,134439,8282796,61.35,10,2018,281.9489742428481,0.004122602616956517,Slight or No change
366,ITC,EQ,2018-11-01,280.1,280.0,281.8,274.8,277.05,277.4,277.04,9452718,2618784123.95,84790,4957019,52.44,11,2018,281.9394011182393,-0.009639414494823417,Slight or No change
367,ITC,EQ,2018-11-02,277.4,278.3,285.95,278.3,283.9,283.25,282.86,11644681,3293806976.3,92468,5434775,46.67,11,2018,281.942790000569,0.021088680605623633,Slight or No change
368,ITC,EQ,2018-11-05,283.25,285.25,285.25,278.4,279.95,279.6,280.43,7381232,2069938751.5,83445,4494785,60.89,11,2018,281.9389563716066,-0.01288614298323032,Slight or No change
369,ITC,EQ,2018-11-06,279.6,281.1,281.85,276.1,276.7,277.3,277.91,9766345,2714157417.85,104385,5840248,59.8,11,2018,281.9289342208567,-0.008226037195994351,Slight or No change
370,ITC,EQ,2018-11-07,277.3,281.0,281.0,278.8,280.2,280.05,279.8,957139,267803896.35,16784,582956,60.91,11,2018,281.92853647723297,0.00991705733862247,Slight or No change
371,ITC,EQ,2018-11-09,280.05,279.0,279.7,275.9,276.6,277.25,277.48,15034793,4171859933.05,170785,11190455,74.43,11,2018,281.91303109766267,-0.009998214604534983,Slight or No change
372,ITC,EQ,2018-11-12,277.25,277.8,278.2,273.25,274.2,273.85,275.29,7047500,1940133066.5,108289,4270652,60.6,11,2018,281.9005246434481,-0.012263300270513922,Slight or No change
373,ITC,EQ,2018-11-13,273.85,273.95,277.9,273.15,276.65,276.85,275.13,6700755,1843557322.5,71903,4306155,64.26,11,2018,281.8930872458561,0.010954902318787596,Slight or No change
374,ITC,EQ,2018-11-14,276.85,278.1,278.4,274.65,276.15,276.45,276.23,6915975,1910391504.3,102616,4624829,66.87,11,2018,281.88482686838256,-0.0014448257178979462,Slight or No change
375,ITC,EQ,2018-11-15,276.45,276.85,279.25,273.5,274.4,274.5,276.1,12153864,3355736243.0,105019,7628588,62.77,11,2018,281.86518425936976,-0.007053716766142082,Slight or No change
376,ITC,EQ,2018-11-16,274.5,275.8,278.3,275.25,277.0,276.55,276.61,12635521,3495120977.6,109489,7145490,56.55,11,2018,281.8505268682822,0.007468123861566589,Slight or No change
377,ITC,EQ,2018-11-19,276.55,277.35,285.0,276.5,284.5,284.5,281.29,16720100,4703137868.85,117428,10190636,60.95,11,2018,281.8601598712534,0.028747062014102376,Slight or No change
378,ITC,EQ,2018-11-20,284.5,285.0,286.65,281.8,283.5,283.85,284.45,7796633,2217717398.3,76675,2903336,37.24,11,2018,281.8635277225254,-0.002284710017574576,Slight or No change
379,ITC,EQ,2018-11-21,283.85,284.5,284.8,280.0,282.65,281.75,281.99,5650063,1593254985.95,52802,2643560,46.79,11,2018,281.8633886470698,-0.007398273736128336,Slight or No change
380,ITC,EQ,2018-11-22,281.75,282.0,284.5,279.6,280.0,280.5,281.79,6680354,1882431108.25,71016,3787396,56.69,11,2018,281.86141674274467,-0.004436557231588312,Slight or No change
381,ITC,EQ,2018-11-26,280.5,281.25,286.35,280.7,285.5,285.65,284.26,8948042,2543577826.75,96175,4364273,48.77,11,2018,281.8687421369135,0.018360071301247727,Slight or No change
382,ITC,EQ,2018-11-27,285.65,286.1,286.45,282.8,284.4,284.85,284.28,6881741,1956349461.0,71066,3955822,57.48,11,2018,281.87316882251486,-0.002800630141781779,Slight or No change
383,ITC,EQ,2018-11-28,284.85,285.4,287.95,280.8,282.2,282.2,283.94,8856761,2514765773.15,95315,4940854,55.79,11,2018,281.8737921985196,-0.009303142004563947,Slight or No change
384,ITC,EQ,2018-11-29,282.2,283.65,289.3,283.45,288.35,287.55,287.04,13657479,3920238579.95,99598,7265354,53.2,11,2018,281.8904380126001,0.018958185683912276,Slight or No change
385,ITC,EQ,2018-11-30,287.55,289.5,290.0,284.8,286.2,285.8,286.99,8639876,2479519613.0,114804,5616524,65.01,11,2018,281.8976774844075,-0.006085898104677412,Slight or No change
386,ITC,EQ,2018-12-03,285.8,287.25,289.5,282.55,283.5,282.95,285.71,8565591,2447285103.35,122887,5465860,63.81,12,2018,281.8996058124257,-0.009972008397480803,Slight or No change
387,ITC,EQ,2018-12-04,282.95,281.0,283.3,280.95,281.8,281.85,282.12,6305882,1779018633.65,74805,3928514,62.3,12,2018,281.89953898301343,-0.003887612652411998,Slight or No change
388,ITC,EQ,2018-12-05,281.85,281.0,281.8,274.2,275.9,275.35,276.58,11453283,3167707619.95,112093,7890298,68.89,12,2018,281.88355192414264,-0.023061912364732984,Slight or No change
389,ITC,EQ,2018-12-06,275.35,274.5,274.9,271.5,272.8,273.05,273.28,9682118,2645884632.3,110652,5065049,52.31,12,2018,281.86536168712433,-0.008353005266025115,Slight or No change
390,ITC,EQ,2018-12-07,273.05,274.95,276.2,273.3,274.25,274.05,274.54,8103784,2224840242.9,75302,5363771,66.19,12,2018,281.8519148024354,0.0036623329060612164,Slight or No change
391,ITC,EQ,2018-12-10,274.05,272.0,272.3,269.15,270.5,270.45,270.45,6683094,1807433519.9,85199,4327661,64.76,12,2018,281.8357591573046,-0.013136288998358059,Slight or No change
392,ITC,EQ,2018-12-11,270.45,268.4,276.05,268.2,274.9,274.7,272.14,10238800,2786423555.9,135053,6011130,58.71,12,2018,281.8203024690983,0.015714549824366708,Slight or No change
393,ITC,EQ,2018-12-12,274.7,275.7,277.7,272.6,277.25,276.05,274.97,10084682,2773012741.35,147812,5798429,57.5,12,2018,281.80801782959213,0.00491445212959607,Slight or No change
394,ITC,EQ,2018-12-13,276.05,279.0,279.4,273.5,275.2,275.3,276.73,15821425,4378309310.4,115314,11648030,73.62,12,2018,281.7863533714318,-0.0027168991124796316,Slight or No change
395,ITC,EQ,2018-12-14,275.3,274.35,277.25,273.9,275.85,275.75,275.73,8594764,2369848394.25,113401,5926873,68.96,12,2018,281.77545711146445,0.0016345804576824996,Slight or No change
396,ITC,EQ,2018-12-17,275.75,277.0,281.4,275.9,279.4,279.85,279.14,12232198,3414498360.25,114946,8014630,65.52,12,2018,281.77052318240754,0.014868540344515013,Slight or No change
397,ITC,EQ,2018-12-18,279.85,279.05,280.6,277.0,278.5,278.15,278.46,8832786,2459586365.95,117492,5750189,65.1,12,2018,281.76383634537643,-0.006074682865821135,Slight or No change
398,ITC,EQ,2018-12-19,278.15,279.0,284.0,278.5,283.15,283.45,282.31,13133469,3707720921.85,139093,8623283,65.66,12,2018,281.7684541957061,0.019054467014200993,Slight or No change
399,ITC,EQ,2018-12-20,283.45,281.0,284.4,281.0,283.1,282.65,282.65,4964496,1403193291.05,69227,2376145,47.86,12,2018,281.76936585247824,-0.0028223672605398598,Slight or No change
400,ITC,EQ,2018-12-21,282.65,283.0,284.0,276.05,276.6,276.75,278.72,6816618,1899911994.9,95655,3706240,54.37,12,2018,281.7622485917769,-0.020873872280205097,Slight or No change
401,ITC,EQ,2018-12-24,276.75,278.85,280.7,275.25,276.65,276.0,278.38,8540575,2377555905.2,94563,4490731,52.58,12,2018,281.7520297118342,-0.0027100271002710175,Slight or No change
402,ITC,EQ,2018-12-26,276.0,276.35,278.8,274.8,276.95,276.65,277.08,8494118,2353515544.4,85780,4404334,51.85,12,2018,281.7430467377433,0.002355072463767982,Slight or No change
403,ITC,EQ,2018-12-27,276.65,279.0,281.65,277.3,279.2,280.75,279.93,11441104,3202757606.45,119683,5710573,49.91,12,2018,281.7406972792475,0.014820169889752544,Slight or No change
404,ITC,EQ,2018-12-28,280.75,279.15,284.0,279.15,282.0,282.25,282.2,13194286,3723488207.7,125257,7814877,59.23,12,2018,281.74208310525563,0.00534283170080152,Slight or No change
405,ITC,EQ,2018-12-31,282.25,282.8,283.85,281.1,281.6,281.65,282.39,5452405,1539717565.6,48951,3032204,55.61,12,2018,281.7419796799485,-0.0021257750221436167,Slight or No change
406,ITC,EQ,2019-01-01,281.65,282.2,283.55,279.8,283.0,282.7,281.41,2490548,700866321.65,27385,867443,34.83,1,2019,281.7424709334263,0.0037280312444523123,Slight or No change
407,ITC,EQ,2019-01-02,282.7,282.25,283.25,277.55,280.6,280.6,280.46,9934187,2786162488.15,78027,6659644,67.04,1,2019,281.7401389464913,-0.007428369296073489,Slight or No change
408,ITC,EQ,2019-01-03,280.6,280.6,282.45,277.75,278.9,278.85,279.76,6114946,1710715678.9,69851,3429624,56.09,1,2019,281.7365122212969,-0.006236635780470401,Slight or No change
409,ITC,EQ,2019-01-04,278.85,279.15,282.95,279.15,280.8,280.95,281.12,7805148,2194185002.7,75534,4075809,52.22,1,2019,281.7352544697496,0.007530930607853481,Slight or No change
410,ITC,EQ,2019-01-07,280.95,284.3,285.25,281.0,281.55,281.65,282.6,9757529,2757503044.55,91302,5303732,54.36,1,2019,281.7350843722646,0.0024915465385300095,Slight or No change
411,ITC,EQ,2019-01-08,281.65,282.0,285.5,281.35,283.9,284.25,283.69,7480522,2122135155.15,61502,4872483,65.14,1,2019,281.73892526719084,0.009231315462453482,Slight or No change
412,ITC,EQ,2019-01-09,284.25,285.6,291.7,284.6,291.5,290.4,288.51,12182118,3514674091.7,97158,6554370,53.8,1,2019,281.7604131130967,0.02163588390501303,Slight or No change
413,ITC,EQ,2019-01-10,290.4,290.75,293.7,288.9,289.5,289.6,291.17,10288580,2995759265.3,87615,4838067,47.02,1,2019,281.7768053366689,-0.0027548209366389242,Slight or No change
414,ITC,EQ,2019-01-11,289.6,291.9,296.0,291.5,294.7,295.35,294.22,16773035,4934899718.9,133184,8899748,53.06,1,2019,281.8229163938751,0.01985497237569067,Slight or No change
415,ITC,EQ,2019-01-14,295.35,294.5,294.8,290.0,294.3,294.3,292.6,6400147,1872708312.85,67968,2959540,46.24,1,2019,281.8390693412086,-0.003555104113763363,Slight or No change
416,ITC,EQ,2019-01-15,294.3,295.25,297.4,294.0,295.95,296.55,296.12,7213165,2135986668.45,71341,4226921,58.6,1,2019,281.8605022717194,0.007645259938837912,Slight or No change
417,ITC,EQ,2019-01-16,296.55,296.0,296.55,291.7,294.5,294.05,294.08,7784035,2289090307.15,86623,4157004,53.4,1,2019,281.879637068328,-0.008430281571404463,Slight or No change
418,ITC,EQ,2019-01-17,294.05,294.1,295.6,290.15,292.9,293.95,292.42,10601100,3099965721.65,74516,6900471,65.09,1,2019,281.90538705681075,-0.0003400782179902029,Slight or No change
419,ITC,EQ,2019-01-18,293.95,293.25,295.1,290.65,291.1,291.45,292.0,10994807,3210483094.05,64900,7360439,66.94,1,2019,281.92645838316173,-0.00850484776322502,Slight or No change
420,ITC,EQ,2019-01-21,291.45,292.85,293.2,288.7,289.85,289.9,290.9,8203333,2386350243.55,46892,5219479,63.63,1,2019,281.93957049919015,-0.00531823640418605,Slight or No change
421,ITC,EQ,2019-01-22,289.9,289.85,291.0,285.15,290.3,289.75,287.89,10329563,2973768882.5,91160,5953202,57.63,1,2019,281.9557099847271,-0.0005174197999309182,Slight or No change
422,ITC,EQ,2019-01-23,289.75,291.5,294.4,275.0,276.0,277.3,284.09,40188183,11416871914.7,222738,16584110,41.27,1,2019,281.9185787368765,-0.04296807592752372,Slight or No change
423,ITC,EQ,2019-01-24,277.3,279.3,283.35,277.85,279.05,278.9,280.55,28026449,7862843142.45,228074,10907834,38.92,1,2019,281.90188256037004,0.005769924269743765,Slight or No change
424,ITC,EQ,2019-01-25,278.9,280.0,282.7,278.5,278.6,279.2,280.86,8897906,2499063224.3,113187,4963608,55.78,1,2019,281.8971462652503,0.001075654356400113,Slight or No change
425,ITC,EQ,2019-01-28,279.2,278.9,279.45,274.2,275.05,274.75,276.75,8992136,2488615337.45,101975,5141637,57.18,1,2019,281.88450730559026,-0.015938395415472706,Slight or No change
426,ITC,EQ,2019-01-29,274.75,275.3,279.0,274.75,278.3,278.45,276.78,6998389,1937017436.7,107287,4273576,61.07,1,2019,281.87978688164543,0.013466787989080853,Slight or No change
427,ITC,EQ,2019-01-30,278.45,280.1,280.2,274.2,274.7,275.5,275.93,10449713,2883368086.55,95203,6803832,65.11,1,2019,281.8667210017078,-0.010594361644819528,Slight or No change
428,ITC,EQ,2019-01-31,275.5,276.5,279.6,273.6,278.25,278.65,277.32,15346406,4255802357.35,119095,10473776,68.25,1,2019,281.85707507540934,0.011433756805807604,Slight or No change
429,ITC,EQ,2019-02-01,278.65,280.65,285.2,279.1,281.3,280.85,281.39,18353829,5164580734.4,117521,9349482,50.94,2,2019,281.85347627590755,0.007895209043603302,Slight or No change
430,ITC,EQ,2019-02-04,280.85,281.9,281.9,276.05,277.2,277.1,278.63,6056619,1687583049.4,56370,3021990,49.9,2,2019,281.847877425345,-0.013352323304254954,Slight or No change
431,ITC,EQ,2019-02-05,277.1,277.35,277.8,272.5,274.1,274.15,274.72,9827060,2699671911.45,76063,6408179,65.21,2,2019,281.8331941579923,-0.01064597618188401,Slight or No change
432,ITC,EQ,2019-02-06,274.15,275.0,278.4,274.55,278.0,277.7,276.88,8097580,2242045784.85,78240,5260374,64.96,2,2019,281.82670800639136,0.012949115447747683,Slight or No change
433,ITC,EQ,2019-02-07,277.7,277.9,281.0,277.0,279.95,280.3,279.09,5947966,1660045576.25,60408,3323219,55.87,2,2019,281.8249502034753,0.00936262153402967,Slight or No change
434,ITC,EQ,2019-02-08,280.3,279.5,281.2,274.6,275.8,275.5,277.7,4405887,1223523266.8,52501,2320901,52.68,2,2019,281.81956048663164,-0.017124509454156334,Slight or No change
435,ITC,EQ,2019-02-11,275.5,275.8,278.2,268.45,277.8,277.1,274.4,9952322,2730942369.3,85491,5223993,52.49,2,2019,281.81049343047016,0.005807622504537369,Slight or No change
436,ITC,EQ,2019-02-12,277.1,277.05,280.5,274.6,275.6,275.3,277.85,7341352,2039761970.15,80011,3134340,42.69,2,2019,281.8012801295121,-0.006495849873691895,Slight or No change
437,ITC,EQ,2019-02-13,275.3,280.05,283.9,275.2,276.45,276.85,279.84,15344186,4293893416.55,108395,6939002,45.22,2,2019,281.7866784101866,0.005630221576462091,Slight or No change
438,ITC,EQ,2019-02-14,276.85,277.0,280.2,277.0,278.0,277.9,278.42,9993785,2782456536.0,89812,5910922,59.15,2,2019,281.7792273532992,0.0037926675094814843,Slight or No change
439,ITC,EQ,2019-02-15,277.9,279.0,280.95,275.4,279.65,280.1,278.4,37552143,10454593965.8,157823,29592593,78.8,2,2019,281.76721753972964,0.007916516732637824,Slight or No change
440,ITC,EQ,2019-02-18,280.1,278.8,282.45,273.9,274.25,274.7,278.1,40666405,11309445911.45,225859,30175180,74.2,2,2019,281.7129018148506,-0.019278828989646724,Slight or No change
441,ITC,EQ,2019-02-19,274.7,274.0,279.2,274.0,275.95,275.9,277.69,34451117,9566605611.0,224512,28158422,81.73,2,2019,281.67529910638643,0.004368401892974161,Slight or No change
442,ITC,EQ,2019-02-20,275.9,277.25,277.5,274.25,275.85,275.85,275.38,5977880,1646204111.35,78072,2552403,42.7,2,2019,281.66876778505065,-0.0001812250815511618,Slight or No change
443,ITC,EQ,2019-02-21,275.85,275.9,276.75,274.2,275.05,275.05,275.06,6995026,1924078885.15,79871,3887778,55.58,2,2019,281.660095516918,-0.0029001268805510794,Slight or No change
444,ITC,EQ,2019-02-22,275.05,275.6,275.95,273.1,274.8,274.3,273.97,8763445,2400951758.05,97090,4633020,52.87,2,2019,281.6480337140808,-0.002726776949645515,Slight or No change
445,ITC,EQ,2019-02-25,274.3,274.5,277.15,273.0,276.5,276.7,275.47,30047503,8277152526.0,150380,22359803,74.41,2,2019,281.6203858581244,0.008749544294567979,Slight or No change
446,ITC,EQ,2019-02-26,276.7,274.95,277.0,274.05,275.4,275.5,275.46,11779606,3244801214.9,95568,8210639,69.7,2,2019,281.6070082124324,-0.004336826888326706,Slight or No change
447,ITC,EQ,2019-02-27,275.5,276.0,278.9,273.9,275.15,275.1,275.81,13128412,3620965794.5,150144,8522232,64.91,2,2019,281.5911954769137,-0.0014519056261341756,Slight or No change
448,ITC,EQ,2019-02-28,275.1,277.3,277.3,274.25,276.5,276.05,275.78,43208896,11916046785.75,140246,37509994,86.81,2,2019,281.5472281174539,0.003453289712831653,Slight or No change
449,ITC,EQ,2019-03-01,276.05,276.45,279.0,276.25,278.3,278.2,277.46,8830848,2450195551.15,73125,6126508,69.38,3,2019,281.54180888522797,0.007788444122441396,Slight or No change
450,ITC,EQ,2019-03-05,278.2,280.0,284.0,276.05,284.0,282.55,279.76,13580306,3799286136.4,195344,8498700,62.58,3,2019,281.5443128171237,0.01563623292595273,Slight or No change
451,ITC,EQ,2019-03-06,282.55,285.0,289.2,284.75,285.95,285.75,286.76,20045621,5748368446.7,168992,12250190,61.11,3,2019,281.55967444961095,0.011325429127587938,Slight or No change
452,ITC,EQ,2019-03-07,285.75,286.7,291.0,285.85,289.5,290.1,288.8,14287507,4126277237.15,276711,8969023,62.78,3,2019,281.58185041868444,0.015223097112861073,Slight or No change
453,ITC,EQ,2019-03-08,290.1,290.3,293.0,288.4,291.7,292.0,291.53,12681454,3696980599.2,159797,6955512,54.85,3,2019,281.60580626856733,0.006549465701482182,Slight or No change
454,ITC,EQ,2019-03-11,292.0,293.0,294.9,291.1,293.1,292.95,293.18,14720968,4315939803.6,132693,9456996,64.24,3,2019,281.63600608152876,0.0032534246575341985,Slight or No change
455,ITC,EQ,2019-03-12,292.95,294.0,295.65,293.15,294.5,294.5,294.38,14142103,4163217859.1,129956,10880314,76.94,3,2019,281.6688212622731,0.005291005291005346,Slight or No change
456,ITC,EQ,2019-03-13,294.5,295.0,297.0,294.15,295.0,294.9,295.2,11070294,3267992757.45,97884,7913812,71.49,3,2019,281.6951892092137,0.0013582342954159277,Slight or No change
457,ITC,EQ,2019-03-14,294.9,295.4,296.0,290.45,295.5,295.5,293.62,10113962,2969696845.75,135308,6537667,64.64,3,2019,281.72027803855093,0.0020345879959309254,Slight or No change
458,ITC,EQ,2019-03-15,295.5,295.95,296.55,289.35,291.6,290.8,291.9,21395473,6245445135.3,119469,16898964,78.98,3,2019,281.75505219297474,-0.015905245346869656,Slight or No change
459,ITC,EQ,2019-03-18,290.8,292.0,294.2,291.3,293.2,293.75,292.93,9166882,2685252841.45,112390,6748115,73.61,3,2019,281.7747025338077,0.010144429160935386,Slight or No change
460,ITC,EQ,2019-03-19,293.75,294.6,300.0,293.35,299.7,299.45,297.34,15756420,4685045995.25,132436,9727267,61.74,3,2019,281.82433355143155,0.01940425531914891,Slight or No change
461,ITC,EQ,2019-03-20,299.45,300.0,301.95,296.6,298.55,298.9,299.02,15619922,4670747122.65,149438,10082013,64.55,3,2019,281.8717335357638,-0.0018367006177993916,Slight or No change
463,ITC,EQ,2019-03-22,298.9,300.0,300.0,296.55,298.75,298.2,298.11,8067384,2404947406.65,78074,4986699,61.81,3,2019,281.89510964814536,-0.0023419203747072626,Slight or No change
464,ITC,EQ,2019-03-25,298.2,297.0,297.0,293.2,294.25,295.05,294.75,8015871,2362683216.2,69876,5092351,63.53,3,2019,281.9137958092108,-0.010563380281690016,Slight or No change
465,ITC,EQ,2019-03-26,295.05,295.0,296.35,291.05,294.0,293.4,293.19,10763629,3155818304.55,102964,6444668,59.87,3,2019,281.9356628394765,-0.005592272496187212,Slight or No change
466,ITC,EQ,2019-03-27,293.4,294.0,296.7,291.6,292.7,293.1,294.27,8432517,2481399656.4,73984,4533617,53.76,3,2019,281.95228921066064,-0.0010224948875253714,Slight or No change
467,ITC,EQ,2019-03-28,293.1,294.1,302.0,293.0,301.0,300.0,298.2,17752380,5293830035.4,108956,12777234,71.97,3,2019,282.00869537204306,0.023541453428863823,Slight or No change
468,ITC,EQ,2019-03-29,300.0,302.0,303.0,295.45,296.55,297.25,297.57,11913335,3545082413.45,87977,7220906,60.61,3,2019,282.04059557157507,-0.009166666666666656,Slight or No change
469,ITC,EQ,2019-04-01,297.25,297.0,299.2,296.55,297.4,297.25,297.81,6203276,1847427385.95,97253,3421087,55.15,4,2019,282.0571532012471,0.0,Slight or No change
470,ITC,EQ,2019-04-02,297.25,297.4,300.0,294.65,298.1,297.9,297.74,9849417,2932590627.75,102850,5386390,54.69,4,2019,282.0844906863416,0.0021867115222875544,Slight or No change
471,ITC,EQ,2019-04-03,297.9,298.0,299.0,295.15,295.5,296.15,297.5,9064767,2696778799.25,82684,6163694,68.0,4,2019,282.1067923763141,-0.0058744545149379546,Slight or No change
472,ITC,EQ,2019-04-04,296.15,296.0,297.3,293.75,295.5,294.8,294.95,6965053,2054344611.4,91968,4473299,64.22,4,2019,282.12223754662494,-0.0045585007597500615,Slight or No change
473,ITC,EQ,2019-04-05,294.8,295.05,296.4,292.65,295.45,294.55,294.04,7806991,2295571863.1,121882,5376947,68.87,4,2019,282.13916460867944,-0.0008480325644504294,Slight or No change
474,ITC,EQ,2019-04-08,294.55,294.65,295.0,291.7,292.3,292.75,292.86,5288853,1548883991.0,65374,3268882,61.81,4,2019,282.14894633467935,-0.006111016805296243,Slight or No change
475,ITC,EQ,2019-04-09,292.75,292.5,296.7,292.25,296.0,296.3,295.24,6175672,1823335235.35,93094,3955633,64.05,4,2019,282.1641626738638,0.012126387702818153,Slight or No change
476,ITC,EQ,2019-04-10,296.3,296.05,296.55,293.5,294.3,294.7,295.11,5334642,1574292020.85,91950,3374246,63.25,4,2019,282.1757956973266,-0.005399932500843807,Slight or No change
477,ITC,EQ,2019-04-11,294.7,294.55,297.45,293.0,297.45,296.4,295.33,10764968,3179188000.25,103086,7791474,72.38,4,2019,282.2023822604063,0.00576857821513399,Slight or No change
478,ITC,EQ,2019-04-12,296.4,296.65,307.4,295.6,307.4,305.75,302.46,21818291,6599107448.65,221102,11169749,51.19,4,2019,282.2912505987045,0.03154520917678827,Slight or No change
479,ITC,EQ,2019-04-15,305.75,307.9,310.0,304.35,305.55,305.5,306.76,12612414,3869040342.2,120440,6859851,54.39,4,2019,282.34177287152045,-0.0008176614881438837,Slight or No change
480,ITC,EQ,2019-04-16,305.5,306.8,309.95,306.15,307.95,307.2,308.2,9746168,3003737201.5,107799,6081524,62.4,4,2019,282.38351811797764,0.005564648117839521,Slight or No change
481,ITC,EQ,2019-04-18,307.2,308.25,308.25,303.55,305.0,304.4,305.58,8838122,2700789578.8,75045,4582025,51.84,4,2019,282.416995387403,-0.00911458333333337,Slight or No change
482,ITC,EQ,2019-04-22,304.4,303.85,305.5,301.05,302.75,301.8,302.48,6672456,2018256066.7,48254,3926981,58.85,4,2019,282.4392208425173,-0.00854139290407352,Slight or No change
483,ITC,EQ,2019-04-23,301.8,302.15,304.8,301.55,303.0,303.4,303.55,7496038,2275445761.1,89404,4769956,63.63,4,2019,282.4661873037649,0.005301524188203954,Slight or No change
484,ITC,EQ,2019-04-24,303.4,303.4,307.2,298.5,307.2,306.45,302.71,11447878,3465380354.2,109201,8195961,71.59,4,2019,282.5132173629726,0.010052735662491763,Slight or No change
485,ITC,EQ,2019-04-25,306.45,307.25,309.8,302.0,306.0,304.15,305.76,23240675,7106109510.05,148719,17167256,73.87,4,2019,282.59900965665094,-0.007505302659487678,Slight or No change
486,ITC,EQ,2019-04-26,304.15,304.6,306.4,302.55,305.0,304.55,304.33,4654775,1416581211.3,47076,2557683,54.95,4,2019,282.6164283234091,0.0013151405556470763,Slight or No change
487,ITC,EQ,2019-04-30,304.55,304.55,307.55,299.5,301.5,301.35,302.17,11163210,3373186480.6,114610,7901224,70.78,4,2019,282.65201161169756,-0.010507305861106486,Slight or No change
488,ITC,EQ,2019-05-02,301.35,301.1,306.5,300.6,304.15,305.0,303.85,7493271,2276849516.7,68933,3496866,46.67,5,2019,282.68046886010745,0.012112161937945842,Slight or No change
489,ITC,EQ,2019-05-03,305.0,304.25,307.45,303.3,304.55,304.25,305.73,5885895,1799499145.95,73319,3113665,52.9,5,2019,282.7020215793065,-0.0024590163934425924,Slight or No change
490,ITC,EQ,2019-05-06,304.25,304.0,307.5,300.75,306.2,307.0,305.0,6737627,2054980479.7,79416,3225535,47.87,5,2019,282.7297822205242,0.009038619556285932,Slight or No change
491,ITC,EQ,2019-05-07,307.0,308.25,309.5,300.85,302.45,301.9,305.31,8655871,2642695163.25,99220,4557484,52.65,5,2019,282.7578787853051,-0.016612377850162896,Slight or No change
492,ITC,EQ,2019-05-08,301.9,300.0,303.4,298.65,300.6,300.65,301.46,7876031,2374343408.3,104147,4687591,59.52,5,2019,282.7817077879349,-0.004140443855581322,Slight or No change
493,ITC,EQ,2019-05-09,300.65,299.4,301.3,296.35,299.85,299.85,299.17,10223616,3058550823.95,129794,5965688,58.35,5,2019,282.8111642823859,-0.002660901380342473,Slight or No change
494,ITC,EQ,2019-05-10,299.85,300.0,300.45,296.9,297.15,297.75,298.68,6904657,2062296788.75,132469,4024203,58.28,5,2019,282.8285558780051,-0.007003501750875496,Slight or No change
495,ITC,EQ,2019-05-13,297.75,295.1,303.5,287.7,288.8,289.3,296.21,35880558,10628126245.05,226154,14476904,40.35,5,2019,282.86747127729257,-0.02837951301427366,Slight or No change
